date,origin,destination,commodity,vessel_type,cargo_tonnes,bdi,vlsfo_usd_per_tonne,coal_price_usd_per_mt,iron_ore_price_usd_per_dmt,wind_kmh,wave_height_m,cyclone_risk,weather_delay_days,current_freight_usd_per_tonne,next_month_freight_usd_per_tonne,trajectory_id,data_origin,synthetic_generation_method
2024-02-01,Australia West Coast,East Coast India,Iron Ore,Capesize,170000.0,1560.0,638.0,124.2,124.4,28.1504,1.7,2.0,0.5,9.8,10.2,,original,original_observation
2024-02-01,Hay Point,East Coast India,Coal,Capesize,170000.0,1560.0,638.0,124.2,124.4,32.410000000000004,2.0,2.0,0.5,13.9,14.3,,original,original_observation
2024-02-01,Hay Point,East Coast India,Coal,Panamax,75000.0,1560.0,638.0,124.2,124.4,32.410000000000004,2.0,2.0,0.5,16.5,16.9,,original,original_observation
2024-02-01,Taboneo,East Coast India,Thermal Coal,Panamax,75000.0,1560.0,638.0,124.2,124.4,21.853600000000004,1.2,2.0,0.5,10.1,10.5,,original,original_observation
2024-02-01,Taboneo,East Coast India,Thermal Coal,Supramax,55000.0,1560.0,638.0,124.2,124.4,21.853600000000004,1.2,2.0,0.5,11.8,12.2,,original,original_observation
2024-03-01,Australia West Coast,East Coast India,Iron Ore,Capesize,170000.0,1680.0,645.0,131.5,109.8,25.928,1.5,1.0,0.0,10.2,12.1,,original,original_observation
2024-03-01,Hay Point,East Coast India,Coal,Capesize,170000.0,1680.0,645.0,131.5,109.8,27.78,1.7,1.0,0.0,14.3,15.8,,original,original_observation
2024-03-01,Hay Point,East Coast India,Coal,Panamax,75000.0,1680.0,645.0,131.5,109.8,27.78,1.7,1.0,0.0,16.9,18.7,,original,original_observation
2024-03-01,Taboneo,East Coast India,Thermal Coal,Panamax,75000.0,1680.0,645.0,131.5,109.8,19.446,1.1,1.0,0.0,10.5,11.1,,original,original_observation
2024-03-01,Taboneo,East Coast India,Thermal Coal,Supramax,55000.0,1680.0,645.0,131.5,109.8,19.446,1.1,1.0,0.0,12.2,12.9,,original,original_observation
2024-04-01,Australia West Coast,East Coast India,Iron Ore,Capesize,170000.0,1820.0,655.0,135.0,112.8,30.558,1.9,2.0,0.5,12.1,12.7,,original,original_observation
2024-04-01,Hay Point,East Coast India,Coal,Capesize,170000.0,1820.0,655.0,135.0,112.8,26.2984,1.6,2.0,0.5,15.8,16.6,,original,original_observation
2024-04-01,Hay Point,East Coast India,Coal,Panamax,75000.0,1820.0,655.0,135.0,112.8,26.2984,1.6,2.0,0.5,18.7,19.5,,original,original_observation
2024-04-01,Taboneo,East Coast India,Thermal Coal,Panamax,75000.0,1820.0,655.0,135.0,112.8,22.224,1.4,2.0,0.5,11.1,11.6,,original,original_observation
2024-04-01,Taboneo,East Coast India,Thermal Coal,Supramax,55000.0,1820.0,655.0,135.0,112.8,22.224,1.4,2.0,0.5,12.9,13.5,,original,original_observation
2024-05-01,Australia West Coast,East Coast India,Iron Ore,Capesize,170000.0,1950.0,660.0,142.0,118.9,38.892,2.8,4.0,2.0,12.7,12.3,,original,original_observation
2024-05-01,Hay Point,East Coast India,Coal,Capesize,170000.0,1950.0,660.0,142.0,118.9,35.188,2.6,4.0,2.0,16.6,16.1,,original,original_observation
2024-05-01,Hay Point,East Coast India,Coal,Panamax,75000.0,1950.0,660.0,142.0,118.9,35.188,2.6,4.0,2.0,19.5,19.0,,original,original_observation
2024-05-01,Taboneo,East Coast India,Thermal Coal,Panamax,75000.0,1950.0,660.0,142.0,118.9,34.262,2.4,4.0,2.0,11.6,11.4,,original,original_observation
2024-05-01,Taboneo,East Coast India,Thermal Coal,Supramax,55000.0,1950.0,660.0,142.0,118.9,34.262,2.4,4.0,2.0,13.5,13.2,,original,original_observation
2024-06-01,Australia West Coast,East Coast India,Iron Ore,Capesize,170000.0,1890.0,642.0,135.1,107.5,48.152,3.5,3.0,2.5,12.3,9.5,,original,original_observation
2024-06-01,Hay Point,East Coast India,Coal,Capesize,170000.0,1890.0,642.0,135.1,107.5,43.522000000000006,3.1,3.0,2.5,16.1,12.8,,original,original_observation
2024-06-01,Hay Point,East Coast India,Coal,Panamax,75000.0,1890.0,642.0,135.1,107.5,43.522000000000006,3.1,3.0,2.5,19.0,15.5,,original,original_observation
2024-06-01,Taboneo,East Coast India,Thermal Coal,Panamax,75000.0,1890.0,642.0,135.1,107.5,44.448,3.2,3.0,2.5,11.4,9.2,,original,original_observation
2024-06-01,Taboneo,East Coast India,Thermal Coal,Supramax,55000.0,1890.0,642.0,135.1,107.5,44.448,3.2,3.0,2.5,13.2,10.8,,original,original_observation
2024-07-01,Australia West Coast,East Coast India,Iron Ore,Capesize,170000.0,1420.0,615.0,137.6,106.9,54.634,4.1,2.0,3.5,9.5,8.9,,original,original_observation
2024-07-01,Hay Point,East Coast India,Coal,Capesize,170000.0,1420.0,615.0,137.6,106.9,48.152,3.6,2.0,3.5,12.8,12.2,,original,original_observation
2024-07-01,Hay Point,East Coast India,Coal,Panamax,75000.0,1420.0,615.0,137.6,106.9,48.152,3.6,2.0,3.5,15.5,14.9,,original,original_observation
2024-07-01,Taboneo,East Coast India,Thermal Coal,Panamax,75000.0,1420.0,615.0,137.6,106.9,52.782,3.9,2.0,3.5,9.2,8.7,,original,original_observation
2024-07-01,Taboneo,East Coast India,Thermal Coal,Supramax,55000.0,1420.0,615.0,137.6,106.9,52.782,3.9,2.0,3.5,10.8,10.2,,original,original_observation
2024-08-01,Australia West Coast,East Coast India,Iron Ore,Capesize,170000.0,1350.0,605.0,145.8,99.9,51.856,3.9,2.0,3.0,8.9,9.2,,original,original_observation
2024-08-01,Hay Point,East Coast India,Coal,Capesize,170000.0,1350.0,605.0,145.8,99.9,46.6704,3.4,2.0,3.0,12.2,12.6,,original,original_observation
2024-08-01,Hay Point,East Coast India,Coal,Panamax,75000.0,1350.0,605.0,145.8,99.9,46.6704,3.4,2.0,3.0,14.9,15.3,,original,original_observation
2024-08-01,Taboneo,East Coast India,Thermal Coal,Panamax,75000.0,1350.0,605.0,145.8,99.9,50.004000000000005,3.7,2.0,3.0,8.7,8.9,,original,original_observation
2024-08-01,Taboneo,East Coast India,Thermal Coal,Supramax,55000.0,1350.0,605.0,145.8,99.9,50.004000000000005,3.7,2.0,3.0,10.2,10.4,,original,original_observation
2024-09-01,Australia West Coast,East Coast India,Iron Ore,Capesize,170000.0,1390.0,610.0,139.2,92.8,43.522000000000006,3.0,3.0,2.0,9.2,11.4,,original,original_observation
2024-09-01,Hay Point,East Coast India,Coal,Capesize,170000.0,1390.0,610.0,139.2,92.8,38.52160000000001,2.7,3.0,2.0,12.6,15.1,,original,original_observation
2024-09-01,Hay Point,East Coast India,Coal,Panamax,75000.0,1390.0,610.0,139.2,92.8,38.52160000000001,2.7,3.0,2.0,15.3,17.9,,original,original_observation
2024-09-01,Taboneo,East Coast India,Thermal Coal,Panamax,75000.0,1390.0,610.0,139.2,92.8,39.818000000000005,2.8,3.0,2.0,8.9,10.3,,original,original_observation
2024-09-01,Taboneo,East Coast India,Thermal Coal,Supramax,55000.0,1390.0,610.0,139.2,92.8,39.818000000000005,2.8,3.0,2.0,10.4,12.1,,original,original_observation
2024-10-01,Australia West Coast,East Coast India,Iron Ore,Capesize,170000.0,1740.0,630.0,146.6,101.4,33.336,2.3,5.0,3.5,11.4,12.2,,original,original_observation
2024-10-01,Hay Point,East Coast India,Coal,Capesize,170000.0,1740.0,630.0,146.6,101.4,32.410000000000004,2.2,5.0,3.5,15.1,16.2,,original,original_observation
2024-10-01,Hay Point,East Coast India,Coal,Panamax,75000.0,1740.0,630.0,146.6,101.4,32.410000000000004,2.2,5.0,3.5,17.9,19.0,,original,original_observation
2024-10-01,Taboneo,East Coast India,Thermal Coal,Panamax,75000.0,1740.0,630.0,146.6,101.4,30.0024,2.1,5.0,3.5,10.3,11.3,,original,original_observation
2024-10-01,Taboneo,East Coast India,Thermal Coal,Supramax,55000.0,1740.0,630.0,146.6,101.4,30.0024,2.1,5.0,3.5,12.1,13.2,,original,original_observation
2024-11-01,Australia West Coast,East Coast India,Iron Ore,Capesize,170000.0,1880.0,648.0,142.1,100.5,30.0024,2.0,4.0,2.5,12.2,12.4,,original,original_observation
2024-11-01,Hay Point,East Coast India,Coal,Capesize,170000.0,1880.0,648.0,142.1,100.5,31.1136,2.0,4.0,2.5,16.2,16.4,,original,original_observation
2024-11-01,Hay Point,East Coast India,Coal,Panamax,75000.0,1880.0,648.0,142.1,100.5,31.1136,2.0,4.0,2.5,19.0,19.2,,original,original_observation
2024-11-01,Taboneo,East Coast India,Thermal Coal,Panamax,75000.0,1880.0,648.0,142.1,100.5,27.78,1.9,4.0,2.5,11.3,11.6,,original,original_observation
2024-11-01,Taboneo,East Coast India,Thermal Coal,Supramax,55000.0,1880.0,648.0,142.1,100.5,27.78,1.9,4.0,2.5,13.2,13.5,,original,original_observation
2024-12-01,Australia West Coast,East Coast India,Iron Ore,Capesize,170000.0,1910.0,650.0,129.8,102.2,27.78,1.8,2.0,1.0,12.4,9.3,,original,original_observation
2024-12-01,Hay Point,East Coast India,Coal,Capesize,170000.0,1910.0,650.0,129.8,102.2,31.484,1.9,2.0,1.0,16.4,12.2,,original,original_observation
2024-12-01,Hay Point,East Coast India,Coal,Panamax,75000.0,1910.0,650.0,129.8,102.2,31.484,1.9,2.0,1.0,19.2,15.0,,original,original_observation
2024-12-01,Taboneo,East Coast India,Thermal Coal,Panamax,75000.0,1910.0,650.0,129.8,102.2,25.002,1.5,2.0,1.0,11.6,9.0,,original,original_observation
2024-12-01,Taboneo,East Coast India,Thermal Coal,Supramax,55000.0,1910.0,650.0,129.8,102.2,25.002,1.5,2.0,1.0,13.5,10.5,,original,original_observation
2025-01-01,Australia West Coast,East Coast India,Iron Ore,Capesize,170000.0,1380.0,595.0,118.6,99.6,26.854000000000003,1.6,2.0,0.5,9.3,8.8,,original,original_observation
2025-01-01,Hay Point,East Coast India,Coal,Capesize,170000.0,1380.0,595.0,118.6,99.6,29.632,1.8,2.0,0.5,12.2,11.8,,original,original_observation
2025-01-01,Hay Point,East Coast India,Coal,Panamax,75000.0,1380.0,595.0,118.6,99.6,29.632,1.8,2.0,0.5,15.0,14.5,,original,original_observation
2025-01-01,Taboneo,East Coast India,Thermal Coal,Panamax,75000.0,1380.0,595.0,118.6,99.6,22.224,1.3,2.0,0.5,9.0,8.5,,original,original_observation
2025-01-01,Taboneo,East Coast India,Thermal Coal,Supramax,55000.0,1380.0,595.0,118.6,99.6,22.224,1.3,2.0,0.5,10.5,9.9,,original,original_observation
2025-02-01,Australia West Coast,East Coast India,Iron Ore,Capesize,170000.0,1310.0,588.0,106.9,105.1,27.4096,1.6,2.0,0.5,8.8,9.1,,original,original_observation
2025-02-01,Hay Point,East Coast India,Coal,Capesize,170000.0,1310.0,588.0,106.9,105.1,31.1136,1.9,2.0,0.5,11.8,12.1,,original,original_observation
2025-02-01,Hay Point,East Coast India,Coal,Panamax,75000.0,1310.0,588.0,106.9,105.1,31.1136,1.9,2.0,0.5,14.5,14.8,,original,original_observation
2025-02-01,Taboneo,East Coast India,Thermal Coal,Panamax,75000.0,1310.0,588.0,106.9,105.1,20.7424,1.1,2.0,0.5,8.5,8.8,,original,original_observation
2025-02-01,Taboneo,East Coast India,Thermal Coal,Supramax,55000.0,1310.0,588.0,106.9,105.1,20.7424,1.1,2.0,0.5,9.9,10.3,,original,original_observation
2025-03-01,Australia West Coast,East Coast India,Iron Ore,Capesize,170000.0,1360.0,592.0,104.0,100.1,25.557600000000004,1.5,1.0,0.0,9.1,13.1,,original,original_observation
2025-03-01,Hay Point,East Coast India,Coal,Capesize,170000.0,1360.0,592.0,104.0,100.1,26.854000000000003,1.6,1.0,0.0,12.1,17.1,,original,original_observation
2025-03-01,Hay Point,East Coast India,Coal,Panamax,75000.0,1360.0,592.0,104.0,100.1,26.854000000000003,1.6,1.0,0.0,14.8,20.3,,original,original_observation
2025-03-01,Taboneo,East Coast India,Thermal Coal,Panamax,75000.0,1360.0,592.0,104.0,100.1,20.001600000000003,1.1,1.0,0.0,8.8,11.9,,original,original_observation
2025-03-01,Taboneo,East Coast India,Thermal Coal,Supramax,55000.0,1360.0,592.0,104.0,100.1,20.001600000000003,1.1,1.0,0.0,10.3,13.8,,original,original_observation
2025-04-01,Australia West Coast,East Coast India,Iron Ore,Capesize,170000.0,1980.0,640.0,98.6,97.2,31.8544,2.0,2.0,0.5,13.1,13.8,,original,original_observation
2025-04-01,Hay Point,East Coast India,Coal,Capesize,170000.0,1980.0,640.0,98.6,97.2,27.78,1.7,2.0,0.5,17.1,17.9,,original,original_observation
2025-04-01,Hay Point,East Coast India,Coal,Panamax,75000.0,1980.0,640.0,98.6,97.2,27.78,1.7,2.0,0.5,20.3,21.2,,original,original_observation
2025-04-01,Taboneo,East Coast India,Thermal Coal,Panamax,75000.0,1980.0,640.0,98.6,97.2,24.4464,1.5,2.0,0.5,11.9,12.5,,original,original_observation
2025-04-01,Taboneo,East Coast India,Thermal Coal,Supramax,55000.0,1980.0,640.0,98.6,97.2,24.4464,1.5,2.0,0.5,13.8,14.5,,original,original_observation
2025-05-01,Australia West Coast,East Coast India,Iron Ore,Capesize,170000.0,2150.0,658.0,104.4,97.0,41.4848,3.0,5.0,2.5,13.8,13.5,,original,original_observation
2025-05-01,Hay Point,East Coast India,Coal,Capesize,170000.0,2150.0,658.0,104.4,97.0,37.966,2.8,5.0,2.5,17.9,17.5,,original,original_observation
2025-05-01,Hay Point,East Coast India,Coal,Panamax,75000.0,2150.0,658.0,104.4,97.0,37.966,2.8,5.0,2.5,21.2,20.8,,original,original_observation
2025-05-01,Taboneo,East Coast India,Thermal Coal,Panamax,75000.0,2150.0,658.0,104.4,97.0,36.6696,2.6,5.0,2.5,12.5,12.2,,original,original_observation
2025-05-01,Taboneo,East Coast India,Thermal Coal,Supramax,55000.0,2150.0,658.0,104.4,97.0,36.6696,2.6,5.0,2.5,14.5,14.1,,original,original_observation
2025-06-01,Australia West Coast,East Coast India,Iron Ore,Capesize,170000.0,2080.0,652.0,109.0,92.3,50.93,3.7,3.0,3.0,13.5,10.7,,original,original_observation
2025-06-01,Hay Point,East Coast India,Coal,Capesize,170000.0,2080.0,652.0,109.0,92.3,45.9296,3.3,3.0,3.0,17.5,14.2,,original,original_observation
2025-06-01,Hay Point,East Coast India,Coal,Panamax,75000.0,2080.0,652.0,109.0,92.3,45.9296,3.3,3.0,3.0,20.8,16.8,,original,original_observation
2025-06-01,Taboneo,East Coast India,Thermal Coal,Panamax,75000.0,2080.0,652.0,109.0,92.3,46.6704,3.4,3.0,3.0,12.2,10.1,,original,original_observation
2025-06-01,Taboneo,East Coast India,Thermal Coal,Supramax,55000.0,2080.0,652.0,109.0,92.3,46.6704,3.4,3.0,3.0,14.1,11.9,,original,original_observation
2025-07-01,Australia West Coast,East Coast India,Iron Ore,Capesize,170000.0,1540.0,620.0,112.9,97.3,57.412000000000006,4.3,2.0,4.0,10.7,10.0,,original,original_observation
2025-07-01,Hay Point,East Coast India,Coal,Capesize,170000.0,1540.0,620.0,112.9,97.3,50.93,3.8,2.0,4.0,14.2,13.4,,original,original_observation
2025-07-01,Hay Point,East Coast India,Coal,Panamax,75000.0,1540.0,620.0,112.9,97.3,50.93,3.8,2.0,4.0,16.8,16.0,,original,original_observation
2025-07-01,Taboneo,East Coast India,Thermal Coal,Panamax,75000.0,1540.0,620.0,112.9,97.3,55.189600000000006,4.1,2.0,4.0,10.1,9.5,,original,original_observation
2025-07-01,Taboneo,East Coast India,Thermal Coal,Supramax,55000.0,1540.0,620.0,112.9,97.3,55.189600000000006,4.1,2.0,4.0,11.9,11.2,,original,original_observation
2025-08-01,Australia West Coast,East Coast India,Iron Ore,Capesize,170000.0,1460.0,608.0,112.2,99.7,53.708000000000006,4.0,2.0,3.5,10.0,10.3,,original,original_observation
2025-08-01,Hay Point,East Coast India,Coal,Capesize,170000.0,1460.0,608.0,112.2,99.7,48.152,3.5,2.0,3.5,13.4,13.8,,original,original_observation
2025-08-01,Hay Point,East Coast India,Coal,Panamax,75000.0,1460.0,608.0,112.2,99.7,48.152,3.5,2.0,3.5,16.0,16.4,,original,original_observation
2025-08-01,Taboneo,East Coast India,Thermal Coal,Panamax,75000.0,1460.0,608.0,112.2,99.7,52.2264,3.8,2.0,3.5,9.5,9.7,,original,original_observation
2025-08-01,Taboneo,East Coast India,Thermal Coal,Supramax,55000.0,1460.0,608.0,112.2,99.7,52.2264,3.8,2.0,3.5,11.2,11.5,,original,original_observation
2025-09-01,Australia West Coast,East Coast India,Iron Ore,Capesize,170000.0,1500.0,614.0,106.3,103.3,44.8184,3.1,3.0,2.0,10.3,12.2,,original,original_observation
2025-09-01,Hay Point,East Coast India,Coal,Capesize,170000.0,1500.0,614.0,106.3,103.3,39.818000000000005,2.8,3.0,2.0,13.8,16.4,,original,original_observation
2025-09-01,Hay Point,East Coast India,Coal,Panamax,75000.0,1500.0,614.0,106.3,103.3,39.818000000000005,2.8,3.0,2.0,16.4,19.1,,original,original_observation
2025-09-01,Taboneo,East Coast India,Thermal Coal,Panamax,75000.0,1500.0,614.0,106.3,103.3,40.744,2.9,3.0,2.0,9.7,11.2,,original,original_observation
2025-09-01,Taboneo,East Coast India,Thermal Coal,Supramax,55000.0,1500.0,614.0,106.3,103.3,40.744,2.9,3.0,2.0,11.5,13.1,,original,original_observation
2025-10-01,Australia West Coast,East Coast India,Iron Ore,Capesize,170000.0,1850.0,635.0,107.5,103.5,34.817600000000006,2.4,5.0,4.0,12.2,12.9,,original,original_observation
2025-10-01,Hay Point,East Coast India,Coal,Capesize,170000.0,1850.0,635.0,107.5,103.5,33.7064,2.3,5.0,4.0,16.4,17.2,,original,original_observation
2025-10-01,Hay Point,East Coast India,Coal,Panamax,75000.0,1850.0,635.0,107.5,103.5,33.7064,2.3,5.0,4.0,19.1,20.0,,original,original_observation
2025-10-01,Taboneo,East Coast India,Thermal Coal,Panamax,75000.0,1850.0,635.0,107.5,103.5,31.484,2.2,5.0,4.0,11.2,11.8,,original,original_observation
2025-10-01,Taboneo,East Coast India,Thermal Coal,Supramax,55000.0,1850.0,635.0,107.5,103.5,31.484,2.2,5.0,4.0,13.1,13.8,,original,original_observation
2025-11-01,Australia West Coast,East Coast India,Iron Ore,Capesize,170000.0,1970.0,646.0,112.6,102.5,31.1136,2.1,4.0,2.5,12.9,13.1,,original,original_observation
2025-11-01,Hay Point,East Coast India,Coal,Capesize,170000.0,1970.0,646.0,112.6,102.5,31.484,2.1,4.0,2.5,17.2,17.5,,original,original_observation
2025-11-01,Hay Point,East Coast India,Coal,Panamax,75000.0,1970.0,646.0,112.6,102.5,31.484,2.1,4.0,2.5,20.0,20.3,,original,original_observation
2025-11-01,Taboneo,East Coast India,Thermal Coal,Panamax,75000.0,1970.0,646.0,112.6,102.5,28.706000000000003,1.9,4.0,2.5,11.8,12.1,,original,original_observation
2025-11-01,Taboneo,East Coast India,Thermal Coal,Supramax,55000.0,1970.0,646.0,112.6,102.5,28.706000000000003,1.9,4.0,2.5,13.8,14.2,,original,original_observation
2038-06-01,Australia West Coast,East Coast India,Iron Ore,Capesize,170000.0,1850.0,635.0,107.5,103.5,34.817600000000006,2.4,5.0,4.0,12.2,12.284848517018364,SYN0103,synthetic,empirical_constrained_simulation_v1
2038-07-01,Australia West Coast,East Coast India,Iron Ore,Capesize,170000.0,1950.0,660.0,142.0,118.9,38.892,2.8,4.0,2.0,12.284848517018364,10.351150249874795,SYN0103,synthetic,empirical_constrained_simulation_v1
2038-08-01,Australia West Coast,East Coast India,Iron Ore,Capesize,170000.0,1560.0,638.0,124.2,124.4,28.1504,1.7,2.0,0.5,10.351150249874795,9.354135149592018,SYN0103,synthetic,empirical_constrained_simulation_v1
2038-09-01,Australia West Coast,East Coast India,Iron Ore,Capesize,170000.0,1390.0,610.0,139.2,92.8,43.522000000000006,3.0,3.0,2.0,9.354135149592018,7.015601362194014,SYN0103,synthetic,empirical_constrained_simulation_v1
2038-10-01,Australia West Coast,East Coast India,Iron Ore,Capesize,170000.0,1540.0,620.0,112.9,97.3,57.412000000000006,4.3,2.0,4.0,7.015601362194014,7.719405338537991,SYN0103,synthetic,empirical_constrained_simulation_v1
2038-11-01,Australia West Coast,East Coast India,Iron Ore,Capesize,170000.0,1500.0,614.0,106.3,103.3,44.8184,3.1,3.0,2.0,7.719405338537991,9.629570796093246,SYN0103,synthetic,empirical_constrained_simulation_v1
2038-12-01,Australia West Coast,East Coast India,Iron Ore,Capesize,170000.0,1950.0,660.0,142.0,118.9,38.892,2.8,4.0,2.0,9.629570796093246,10.83544084149496,SYN0103,synthetic,empirical_constrained_simulation_v1
2039-01-01,Australia West Coast,East Coast India,Iron Ore,Capesize,170000.0,1910.0,650.0,129.8,102.2,27.78,1.8,2.0,1.0,10.83544084149496,10.562847055893474,SYN0103,synthetic,empirical_constrained_simulation_v1
2039-02-01,Australia West Coast,East Coast India,Iron Ore,Capesize,170000.0,1680.0,645.0,131.5,109.8,25.928,1.5,1.0,0.0,10.562847055893474,11.523024880839476,SYN0103,synthetic,empirical_constrained_simulation_v1
2039-03-01,Australia West Coast,East Coast India,Iron Ore,Capesize,170000.0,1950.0,660.0,142.0,118.9,38.892,2.8,4.0,2.0,11.523024880839476,11.774750572703216,SYN0103,synthetic,empirical_constrained_simulation_v1
2039-04-01,Australia West Coast,East Coast India,Iron Ore,Capesize,170000.0,1390.0,610.0,139.2,92.8,43.522000000000006,3.0,3.0,2.0,11.774750572703216,14.544643806519307,SYN0103,synthetic,empirical_constrained_simulation_v1
2039-05-01,Australia West Coast,East Coast India,Iron Ore,Capesize,170000.0,1970.0,646.0,112.6,102.5,31.1136,2.1,4.0,2.5,14.544643806519307,14.429033038226095,SYN0103,synthetic,empirical_constrained_simulation_v1
2039-06-01,Australia West Coast,East Coast India,Iron Ore,Capesize,170000.0,1360.0,592.0,104.0,100.1,25.557600000000004,1.5,1.0,0.0,14.429033038226095,13.585323213100121,SYN0103,synthetic,empirical_constrained_simulation_v1
2039-07-01,Australia West Coast,East Coast India,Iron Ore,Capesize,170000.0,1460.0,608.0,112.2,99.7,53.708000000000006,4.0,2.0,3.5,13.585323213100121,16.21113479071893,SYN0103,synthetic,empirical_constrained_simulation_v1
2039-08-01,Australia West Coast,East Coast India,Iron Ore,Capesize,170000.0,2080.0,652.0,109.0,92.3,50.93,3.7,3.0,3.0,16.21113479071893,14.63857135384169,SYN0103,synthetic,empirical_constrained_simulation_v1
2039-09-01,Australia West Coast,East Coast India,Iron Ore,Capesize,170000.0,1890.0,642.0,135.1,107.5,48.152,3.5,3.0,2.5,14.63857135384169,12.67558056851052,SYN0103,synthetic,empirical_constrained_simulation_v1
2039-10-01,Australia West Coast,East Coast India,Iron Ore,Capesize,170000.0,2080.0,652.0,109.0,92.3,50.93,3.7,3.0,3.0,12.67558056851052,15.84447571063815,SYN0103,synthetic,empirical_constrained_simulation_v1
2039-11-01,Australia West Coast,East Coast India,Iron Ore,Capesize,170000.0,1980.0,640.0,98.6,97.2,31.8544,2.0,2.0,0.5,15.84447571063815,19.805594638297688,SYN0103,synthetic,empirical_constrained_simulation_v1
2039-12-01,Australia West Coast,East Coast India,Iron Ore,Capesize,170000.0,2150.0,658.0,104.4,97.0,41.4848,3.0,5.0,2.5,19.805594638297688,16.540415789482473,SYN0103,synthetic,empirical_constrained_simulation_v1
2040-01-01,Australia West Coast,East Coast India,Iron Ore,Capesize,170000.0,1420.0,615.0,137.6,106.9,54.634,4.1,2.0,3.5,16.540415789482473,19.83742290661149,SYN0103,synthetic,empirical_constrained_simulation_v1
2040-02-01,Australia West Coast,East Coast India,Iron Ore,Capesize,170000.0,1740.0,630.0,146.6,101.4,33.336,2.3,5.0,3.5,19.83742290661149,24.796778633264363,SYN0103,synthetic,empirical_constrained_simulation_v1
2040-03-01,Australia West Coast,East Coast India,Iron Ore,Capesize,170000.0,1850.0,635.0,107.5,103.5,34.817600000000006,2.4,5.0,4.0,24.796778633264363,22.344345208189512,SYN0103,synthetic,empirical_constrained_simulation_v1
2040-04-01,Australia West Coast,East Coast India,Iron Ore,Capesize,170000.0,1390.0,610.0,139.2,92.8,43.522000000000006,3.0,3.0,2.0,22.344345208189512,20.43690807292288,SYN0103,synthetic,empirical_constrained_simulation_v1
2040-05-01,Australia West Coast,East Coast India,Iron Ore,Capesize,170000.0,1950.0,660.0,142.0,118.9,38.892,2.8,4.0,2.0,20.43690807292288,22.487104948034553,SYN0103,synthetic,empirical_constrained_simulation_v1
2040-06-01,Australia West Coast,East Coast India,Iron Ore,Capesize,170000.0,1350.0,605.0,145.8,99.9,51.856,3.9,2.0,3.0,22.487104948034553,19.173285854441424,SYN0103,synthetic,empirical_constrained_simulation_v1
2040-07-01,Australia West Coast,East Coast India,Iron Ore,Capesize,170000.0,1350.0,605.0,145.8,99.9,51.856,3.9,2.0,3.0,19.173285854441424,23.449715274823927,SYN0103,synthetic,empirical_constrained_simulation_v1
2040-08-01,Australia West Coast,East Coast India,Iron Ore,Capesize,170000.0,1460.0,608.0,112.2,99.7,53.708000000000006,4.0,2.0,3.5,23.449715274823927,21.910099329517504,SYN0103,synthetic,empirical_constrained_simulation_v1
2040-09-01,Australia West Coast,East Coast India,Iron Ore,Capesize,170000.0,1500.0,614.0,106.3,103.3,44.8184,3.1,3.0,2.0,21.910099329517504,24.818083042368105,SYN0103,synthetic,empirical_constrained_simulation_v1
2040-10-01,Australia West Coast,East Coast India,Iron Ore,Capesize,170000.0,1390.0,610.0,139.2,92.8,43.522000000000006,3.0,3.0,2.0,24.818083042368105,24.35071916783027,SYN0103,synthetic,empirical_constrained_simulation_v1
2040-11-01,Australia West Coast,East Coast India,Iron Ore,Capesize,170000.0,1390.0,610.0,139.2,92.8,43.522000000000006,3.0,3.0,2.0,24.35071916783027,25.16354224102874,SYN0103,synthetic,empirical_constrained_simulation_v1
2040-12-01,Australia West Coast,East Coast India,Iron Ore,Capesize,170000.0,1850.0,635.0,107.5,103.5,34.817600000000006,2.4,5.0,4.0,25.16354224102874,18.872656680771556,SYN0103,synthetic,empirical_constrained_simulation_v1
2041-01-01,Australia West Coast,East Coast India,Iron Ore,Capesize,170000.0,1420.0,615.0,137.6,106.9,54.634,4.1,2.0,3.5,18.872656680771556,18.5275482997714,SYN0103,synthetic,empirical_constrained_simulation_v1
2041-02-01,Australia West Coast,East Coast India,Iron Ore,Capesize,170000.0,1910.0,650.0,129.8,102.2,27.78,1.8,2.0,1.0,18.5275482997714,18.857805604430823,SYN0103,synthetic,empirical_constrained_simulation_v1
2041-03-01,Australia West Coast,East Coast India,Iron Ore,Capesize,170000.0,2150.0,658.0,104.4,97.0,41.4848,3.0,5.0,2.5,18.857805604430823,19.540516629063383,SYN0103,synthetic,empirical_constrained_simulation_v1
2041-04-01,Australia West Coast,East Coast India,Iron Ore,Capesize,170000.0,1460.0,608.0,112.2,99.7,53.708000000000006,4.0,2.0,3.5,19.540516629063383,19.77370000917321,SYN0103,synthetic,empirical_constrained_simulation_v1
2041-05-01,Australia West Coast,East Coast India,Iron Ore,Capesize,170000.0,1380.0,595.0,118.6,99.6,26.854000000000003,1.6,2.0,0.5,19.77370000917321,14.830275006879909,SYN0103,synthetic,empirical_constrained_simulation_v1
2041-06-01,Australia West Coast,East Coast India,Iron Ore,Capesize,170000.0,1460.0,608.0,112.2,99.7,53.708000000000006,4.0,2.0,3.5,14.830275006879909,14.00869652899313,SYN0103,synthetic,empirical_constrained_simulation_v1
2041-07-01,Australia West Coast,East Coast India,Iron Ore,Capesize,170000.0,2080.0,652.0,109.0,92.3,50.93,3.7,3.0,3.0,14.00869652899313,10.506522396744849,SYN0103,synthetic,empirical_constrained_simulation_v1
2041-08-01,Australia West Coast,East Coast India,Iron Ore,Capesize,170000.0,1310.0,588.0,106.9,105.1,27.4096,1.6,2.0,0.5,10.506522396744849,11.775676246529493,SYN0103,synthetic,empirical_constrained_simulation_v1
2041-09-01,Australia West Coast,East Coast India,Iron Ore,Capesize,170000.0,1420.0,615.0,137.6,106.9,54.634,4.1,2.0,3.5,11.775676246529493,11.085799446621877,SYN0103,synthetic,empirical_constrained_simulation_v1
2041-10-01,Australia West Coast,East Coast India,Iron Ore,Capesize,170000.0,1850.0,635.0,107.5,103.5,34.817600000000006,2.4,5.0,4.0,11.085799446621877,11.7605600718374,SYN0103,synthetic,empirical_constrained_simulation_v1
2041-11-01,Australia West Coast,East Coast India,Iron Ore,Capesize,170000.0,1680.0,645.0,131.5,109.8,25.928,1.5,1.0,0.0,11.7605600718374,13.188901784086712,SYN0103,synthetic,empirical_constrained_simulation_v1
2041-12-01,Australia West Coast,East Coast India,Iron Ore,Capesize,170000.0,1500.0,614.0,106.3,103.3,44.8184,3.1,3.0,2.0,13.188901784086712,13.675094204237928,SYN0103,synthetic,empirical_constrained_simulation_v1
2042-01-01,Australia West Coast,East Coast India,Iron Ore,Capesize,170000.0,1820.0,655.0,135.0,112.8,30.558,1.9,2.0,0.5,13.675094204237928,14.648836471167343,SYN0103,synthetic,empirical_constrained_simulation_v1
2042-02-01,Australia West Coast,East Coast India,Iron Ore,Capesize,170000.0,2150.0,658.0,104.4,97.0,41.4848,3.0,5.0,2.5,14.648836471167343,13.399949404551709,SYN0103,synthetic,empirical_constrained_simulation_v1
2042-03-01,Australia West Coast,East Coast India,Iron Ore,Capesize,170000.0,1540.0,620.0,112.9,97.3,57.412000000000006,4.3,2.0,4.0,13.399949404551709,16.749936755689635,SYN0103,synthetic,empirical_constrained_simulation_v1
2042-04-01,Australia West Coast,East Coast India,Iron Ore,Capesize,170000.0,1740.0,630.0,146.6,101.4,33.336,2.3,5.0,3.5,16.749936755689635,20.937420944612043,SYN0103,synthetic,empirical_constrained_simulation_v1
2042-05-01,Australia West Coast,East Coast India,Iron Ore,Capesize,170000.0,1980.0,640.0,98.6,97.2,31.8544,2.0,2.0,0.5,20.937420944612043,20.077205251077967,SYN0103,synthetic,empirical_constrained_simulation_v1
2042-06-01,Australia West Coast,East Coast India,Iron Ore,Capesize,170000.0,2080.0,652.0,109.0,92.3,50.93,3.7,3.0,3.0,20.077205251077967,22.345449087026108,SYN0103,synthetic,empirical_constrained_simulation_v1
2046-10-01,Australia West Coast,East Coast India,Iron Ore,Capesize,170000.0,1540.0,620.0,112.9,97.3,57.412000000000006,4.3,2.0,4.0,13.8,17.185244569939368,SYN0105,synthetic,empirical_constrained_simulation_v1
2046-11-01,Australia West Coast,East Coast India,Iron Ore,Capesize,170000.0,1820.0,655.0,135.0,112.8,30.558,1.9,2.0,0.5,17.185244569939368,17.487671502822774,SYN0105,synthetic,empirical_constrained_simulation_v1
2046-12-01,Australia West Coast,East Coast India,Iron Ore,Capesize,170000.0,1360.0,592.0,104.0,100.1,25.557600000000004,1.5,1.0,0.0,17.487671502822774,16.541546840247623,SYN0105,synthetic,empirical_constrained_simulation_v1
2047-01-01,Australia West Coast,East Coast India,Iron Ore,Capesize,170000.0,1460.0,608.0,112.2,99.7,53.708000000000006,4.0,2.0,3.5,16.541546840247623,16.791453047626362,SYN0105,synthetic,empirical_constrained_simulation_v1
2047-02-01,Australia West Coast,East Coast India,Iron Ore,Capesize,170000.0,1880.0,648.0,142.1,100.5,30.0024,2.0,4.0,2.5,16.791453047626362,16.28384594244089,SYN0105,synthetic,empirical_constrained_simulation_v1
2047-03-01,Australia West Coast,East Coast India,Iron Ore,Capesize,170000.0,1540.0,620.0,112.9,97.3,57.412000000000006,4.3,2.0,4.0,16.28384594244089,15.95148963687446,SYN0105,synthetic,empirical_constrained_simulation_v1
2047-04-01,Australia West Coast,East Coast India,Iron Ore,Capesize,170000.0,1350.0,605.0,145.8,99.9,51.856,3.9,2.0,3.0,15.95148963687446,17.618483077795652,SYN0105,synthetic,empirical_constrained_simulation_v1
2047-05-01,Australia West Coast,East Coast India,Iron Ore,Capesize,170000.0,1680.0,645.0,131.5,109.8,25.928,1.5,1.0,0.0,17.618483077795652,15.864762700022197,SYN0105,synthetic,empirical_constrained_simulation_v1
2047-06-01,Australia West Coast,East Coast India,Iron Ore,Capesize,170000.0,1460.0,608.0,112.2,99.7,53.708000000000006,4.0,2.0,3.5,15.864762700022197,13.932594179199109,SYN0105,synthetic,empirical_constrained_simulation_v1
2047-07-01,Australia West Coast,East Coast India,Iron Ore,Capesize,170000.0,1970.0,646.0,112.6,102.5,31.1136,2.1,4.0,2.5,13.932594179199109,14.73426099082784,SYN0105,synthetic,empirical_constrained_simulation_v1
2047-08-01,Australia West Coast,East Coast India,Iron Ore,Capesize,170000.0,1420.0,615.0,137.6,106.9,54.634,4.1,2.0,3.5,14.73426099082784,14.958010170552226,SYN0105,synthetic,empirical_constrained_simulation_v1
2047-09-01,Australia West Coast,East Coast India,Iron Ore,Capesize,170000.0,1970.0,646.0,112.6,102.5,31.1136,2.1,4.0,2.5,14.958010170552226,12.604754670068484,SYN0105,synthetic,empirical_constrained_simulation_v1
2047-10-01,Australia West Coast,East Coast India,Iron Ore,Capesize,170000.0,1460.0,608.0,112.2,99.7,53.708000000000006,4.0,2.0,3.5,12.604754670068484,12.96579500877805,SYN0105,synthetic,empirical_constrained_simulation_v1
2047-11-01,Australia West Coast,East Coast India,Iron Ore,Capesize,170000.0,1910.0,650.0,129.8,102.2,27.78,1.8,2.0,1.0,12.96579500877805,12.86815495998931,SYN0105,synthetic,empirical_constrained_simulation_v1
2047-12-01,Australia West Coast,East Coast India,Iron Ore,Capesize,170000.0,1820.0,655.0,135.0,112.8,30.558,1.9,2.0,0.5,12.86815495998931,12.959173566916672,SYN0105,synthetic,empirical_constrained_simulation_v1
2048-01-01,Australia West Coast,East Coast India,Iron Ore,Capesize,170000.0,1380.0,595.0,118.6,99.6,26.854000000000003,1.6,2.0,0.5,12.959173566916672,15.54403665813408,SYN0105,synthetic,empirical_constrained_simulation_v1
2048-02-01,Australia West Coast,East Coast India,Iron Ore,Capesize,170000.0,1950.0,660.0,142.0,118.9,38.892,2.8,4.0,2.0,15.54403665813408,11.65802749360056,SYN0105,synthetic,empirical_constrained_simulation_v1
2048-03-01,Australia West Coast,East Coast India,Iron Ore,Capesize,170000.0,1460.0,608.0,112.2,99.7,53.708000000000006,4.0,2.0,3.5,11.65802749360056,14.5725343670007,SYN0105,synthetic,empirical_constrained_simulation_v1
2048-04-01,Australia West Coast,East Coast India,Iron Ore,Capesize,170000.0,1820.0,655.0,135.0,112.8,30.558,1.9,2.0,0.5,14.5725343670007,13.026109758879715,SYN0105,synthetic,empirical_constrained_simulation_v1
2048-05-01,Australia West Coast,East Coast India,Iron Ore,Capesize,170000.0,1380.0,595.0,118.6,99.6,26.854000000000003,1.6,2.0,0.5,13.026109758879715,9.769582319159786,SYN0105,synthetic,empirical_constrained_simulation_v1
2048-06-01,Australia West Coast,East Coast India,Iron Ore,Capesize,170000.0,1310.0,588.0,106.9,105.1,27.4096,1.6,2.0,0.5,9.769582319159786,9.671257524752757,SYN0105,synthetic,empirical_constrained_simulation_v1
2048-07-01,Australia West Coast,East Coast India,Iron Ore,Capesize,170000.0,1560.0,638.0,124.2,124.4,28.1504,1.7,2.0,0.5,9.671257524752757,10.360541963337955,SYN0105,synthetic,empirical_constrained_simulation_v1
2048-08-01,Australia West Coast,East Coast India,Iron Ore,Capesize,170000.0,1910.0,650.0,129.8,102.2,27.78,1.8,2.0,1.0,10.360541963337955,12.950677454172443,SYN0105,synthetic,empirical_constrained_simulation_v1
2048-09-01,Australia West Coast,East Coast India,Iron Ore,Capesize,170000.0,1880.0,648.0,142.1,100.5,30.0024,2.0,4.0,2.5,12.950677454172443,12.30011815334199,SYN0105,synthetic,empirical_constrained_simulation_v1
2048-10-01,Australia West Coast,East Coast India,Iron Ore,Capesize,170000.0,1740.0,630.0,146.6,101.4,33.336,2.3,5.0,3.5,12.30011815334199,9.225088615006491,SYN0105,synthetic,empirical_constrained_simulation_v1
2048-11-01,Australia West Coast,East Coast India,Iron Ore,Capesize,170000.0,1310.0,588.0,106.9,105.1,27.4096,1.6,2.0,0.5,9.225088615006491,9.13656404765163,SYN0105,synthetic,empirical_constrained_simulation_v1
2048-12-01,Australia West Coast,East Coast India,Iron Ore,Capesize,170000.0,1500.0,614.0,106.3,103.3,44.8184,3.1,3.0,2.0,9.13656404765163,8.319062376097822,SYN0105,synthetic,empirical_constrained_simulation_v1
2049-01-01,Australia West Coast,East Coast India,Iron Ore,Capesize,170000.0,1350.0,605.0,145.8,99.9,51.856,3.9,2.0,3.0,8.319062376097822,9.73044913918098,SYN0105,synthetic,empirical_constrained_simulation_v1
2049-02-01,Australia West Coast,East Coast India,Iron Ore,Capesize,170000.0,1910.0,650.0,129.8,102.2,27.78,1.8,2.0,1.0,9.73044913918098,9.948573366407999,SYN0105,synthetic,empirical_constrained_simulation_v1
2049-03-01,Australia West Coast,East Coast India,Iron Ore,Capesize,170000.0,1350.0,605.0,145.8,99.9,51.856,3.9,2.0,3.0,9.948573366407999,9.53506738190857,SYN0105,synthetic,empirical_constrained_simulation_v1
2049-04-01,Australia West Coast,East Coast India,Iron Ore,Capesize,170000.0,1890.0,642.0,135.1,107.5,48.152,3.5,3.0,2.5,9.53506738190857,10.963344290436233,SYN0105,synthetic,empirical_constrained_simulation_v1
2049-05-01,Australia West Coast,East Coast India,Iron Ore,Capesize,170000.0,2150.0,658.0,104.4,97.0,41.4848,3.0,5.0,2.5,10.963344290436233,11.565381222923888,SYN0105,synthetic,empirical_constrained_simulation_v1
2049-06-01,Australia West Coast,East Coast India,Iron Ore,Capesize,170000.0,1950.0,660.0,142.0,118.9,38.892,2.8,4.0,2.0,11.565381222923888,12.521028724210316,SYN0105,synthetic,empirical_constrained_simulation_v1
2049-07-01,Australia West Coast,East Coast India,Iron Ore,Capesize,170000.0,1850.0,635.0,107.5,103.5,34.817600000000006,2.4,5.0,4.0,12.521028724210316,12.841216389851315,SYN0105,synthetic,empirical_constrained_simulation_v1
2049-08-01,Australia West Coast,East Coast India,Iron Ore,Capesize,170000.0,1360.0,592.0,104.0,100.1,25.557600000000004,1.5,1.0,0.0,12.841216389851315,14.051837828169916,SYN0105,synthetic,empirical_constrained_simulation_v1
2049-09-01,Australia West Coast,East Coast India,Iron Ore,Capesize,170000.0,1880.0,648.0,142.1,100.5,30.0024,2.0,4.0,2.5,14.051837828169916,11.894352816983712,SYN0105,synthetic,empirical_constrained_simulation_v1
2049-10-01,Australia West Coast,East Coast India,Iron Ore,Capesize,170000.0,1890.0,642.0,135.1,107.5,48.152,3.5,3.0,2.5,11.894352816983712,13.068053346408801,SYN0105,synthetic,empirical_constrained_simulation_v1
2049-11-01,Australia West Coast,East Coast India,Iron Ore,Capesize,170000.0,1850.0,635.0,107.5,103.5,34.817600000000006,2.4,5.0,4.0,13.068053346408801,15.184500137685554,SYN0105,synthetic,empirical_constrained_simulation_v1
2049-12-01,Australia West Coast,East Coast India,Iron Ore,Capesize,170000.0,1850.0,635.0,107.5,103.5,34.817600000000006,2.4,5.0,4.0,15.184500137685554,16.473882147768336,SYN0105,synthetic,empirical_constrained_simulation_v1
2050-01-01,Australia West Coast,East Coast India,Iron Ore,Capesize,170000.0,1910.0,650.0,129.8,102.2,27.78,1.8,2.0,1.0,16.473882147768336,17.730553231353838,SYN0105,synthetic,empirical_constrained_simulation_v1
2050-02-01,Australia West Coast,East Coast India,Iron Ore,Capesize,170000.0,1950.0,660.0,142.0,118.9,38.892,2.8,4.0,2.0,17.730553231353838,17.947902068394004,SYN0105,synthetic,empirical_constrained_simulation_v1
2050-03-01,Australia West Coast,East Coast India,Iron Ore,Capesize,170000.0,1360.0,592.0,104.0,100.1,25.557600000000004,1.5,1.0,0.0,17.947902068394004,18.415129838324564,SYN0105,synthetic,empirical_constrained_simulation_v1
2050-04-01,Australia West Coast,East Coast India,Iron Ore,Capesize,170000.0,1360.0,592.0,104.0,100.1,25.557600000000004,1.5,1.0,0.0,18.415129838324564,18.756195607539375,SYN0105,synthetic,empirical_constrained_simulation_v1
2050-05-01,Australia West Coast,East Coast India,Iron Ore,Capesize,170000.0,1350.0,605.0,145.8,99.9,51.856,3.9,2.0,3.0,18.756195607539375,14.067146705654531,SYN0105,synthetic,empirical_constrained_simulation_v1
2050-06-01,Australia West Coast,East Coast India,Iron Ore,Capesize,170000.0,1420.0,615.0,137.6,106.9,54.634,4.1,2.0,3.5,14.067146705654531,13.551780633725562,SYN0105,synthetic,empirical_constrained_simulation_v1
2050-07-01,Australia West Coast,East Coast India,Iron Ore,Capesize,170000.0,1310.0,588.0,106.9,105.1,27.4096,1.6,2.0,0.5,13.551780633725562,10.836263934293632,SYN0105,synthetic,empirical_constrained_simulation_v1
2050-08-01,Australia West Coast,East Coast India,Iron Ore,Capesize,170000.0,1540.0,620.0,112.9,97.3,57.412000000000006,4.3,2.0,4.0,10.836263934293632,10.968133767190034,SYN0105,synthetic,empirical_constrained_simulation_v1
2050-09-01,Australia West Coast,East Coast India,Iron Ore,Capesize,170000.0,1890.0,642.0,135.1,107.5,48.152,3.5,3.0,2.5,10.968133767190034,10.646640034185802,SYN0105,synthetic,empirical_constrained_simulation_v1
2050-10-01,Australia West Coast,East Coast India,Iron Ore,Capesize,170000.0,2080.0,652.0,109.0,92.3,50.93,3.7,3.0,3.0,10.646640034185802,9.278163714712809,SYN0105,synthetic,empirical_constrained_simulation_v1
2059-04-01,Australia West Coast,East Coast India,Iron Ore,Capesize,170000.0,1890.0,642.0,135.1,107.5,48.152,3.5,3.0,2.5,13.1,14.60702422972185,SYN0108,synthetic,empirical_constrained_simulation_v1
2059-05-01,Australia West Coast,East Coast India,Iron Ore,Capesize,170000.0,1310.0,588.0,106.9,105.1,27.4096,1.6,2.0,0.5,14.60702422972185,18.258780287152312,SYN0108,synthetic,empirical_constrained_simulation_v1
2059-06-01,Australia West Coast,East Coast India,Iron Ore,Capesize,170000.0,1980.0,640.0,98.6,97.2,31.8544,2.0,2.0,0.5,18.258780287152312,13.694085215364234,SYN0108,synthetic,empirical_constrained_simulation_v1
2059-07-01,Australia West Coast,East Coast India,Iron Ore,Capesize,170000.0,1310.0,588.0,106.9,105.1,27.4096,1.6,2.0,0.5,13.694085215364234,11.326601261770389,SYN0108,synthetic,empirical_constrained_simulation_v1
2059-08-01,Australia West Coast,East Coast India,Iron Ore,Capesize,170000.0,1560.0,638.0,124.2,124.4,28.1504,1.7,2.0,0.5,11.326601261770389,10.833414993816989,SYN0108,synthetic,empirical_constrained_simulation_v1
2059-09-01,Australia West Coast,East Coast India,Iron Ore,Capesize,170000.0,1890.0,642.0,135.1,107.5,48.152,3.5,3.0,2.5,10.833414993816989,10.031906588883022,SYN0108,synthetic,empirical_constrained_simulation_v1
2059-10-01,Australia West Coast,East Coast India,Iron Ore,Capesize,170000.0,1420.0,615.0,137.6,106.9,54.634,4.1,2.0,3.5,10.031906588883022,7.523929941662266,SYN0108,synthetic,empirical_constrained_simulation_v1
2059-11-01,Australia West Coast,East Coast India,Iron Ore,Capesize,170000.0,1380.0,595.0,118.6,99.6,26.854000000000003,1.6,2.0,0.5,7.523929941662266,9.404912427077832,SYN0108,synthetic,empirical_constrained_simulation_v1
2059-12-01,Australia West Coast,East Coast India,Iron Ore,Capesize,170000.0,1740.0,630.0,146.6,101.4,33.336,2.3,5.0,3.5,9.404912427077832,9.519239977142139,SYN0108,synthetic,empirical_constrained_simulation_v1
2060-01-01,Australia West Coast,East Coast India,Iron Ore,Capesize,170000.0,1890.0,642.0,135.1,107.5,48.152,3.5,3.0,2.5,9.519239977142139,11.139103247526911,SYN0108,synthetic,empirical_constrained_simulation_v1
2060-02-01,Australia West Coast,East Coast India,Iron Ore,Capesize,170000.0,1950.0,660.0,142.0,118.9,38.892,2.8,4.0,2.0,11.139103247526911,9.081055728097352,SYN0108,synthetic,empirical_constrained_simulation_v1
2060-03-01,Australia West Coast,East Coast India,Iron Ore,Capesize,170000.0,1420.0,615.0,137.6,106.9,54.634,4.1,2.0,3.5,9.081055728097352,10.169756966348993,SYN0108,synthetic,empirical_constrained_simulation_v1
2060-04-01,Australia West Coast,East Coast India,Iron Ore,Capesize,170000.0,1880.0,648.0,142.1,100.5,30.0024,2.0,4.0,2.5,10.169756966348993,10.717615126448248,SYN0108,synthetic,empirical_constrained_simulation_v1
2060-05-01,Australia West Coast,East Coast India,Iron Ore,Capesize,170000.0,1560.0,638.0,124.2,124.4,28.1504,1.7,2.0,0.5,10.717615126448248,11.029199586426877,SYN0108,synthetic,empirical_constrained_simulation_v1
2060-06-01,Australia West Coast,East Coast India,Iron Ore,Capesize,170000.0,1500.0,614.0,106.3,103.3,44.8184,3.1,3.0,2.0,11.029199586426877,9.999602758886954,SYN0108,synthetic,empirical_constrained_simulation_v1
2060-07-01,Australia West Coast,East Coast India,Iron Ore,Capesize,170000.0,1380.0,595.0,118.6,99.6,26.854000000000003,1.6,2.0,0.5,9.999602758886954,10.526076283414703,SYN0108,synthetic,empirical_constrained_simulation_v1
2060-08-01,Australia West Coast,East Coast India,Iron Ore,Capesize,170000.0,1390.0,610.0,139.2,92.8,43.522000000000006,3.0,3.0,2.0,10.526076283414703,7.894557212561027,SYN0108,synthetic,empirical_constrained_simulation_v1
2060-09-01,Australia West Coast,East Coast India,Iron Ore,Capesize,170000.0,1540.0,620.0,112.9,97.3,57.412000000000006,4.3,2.0,4.0,7.894557212561027,8.079664838929656,SYN0108,synthetic,empirical_constrained_simulation_v1
2060-10-01,Australia West Coast,East Coast India,Iron Ore,Capesize,170000.0,1350.0,605.0,145.8,99.9,51.856,3.9,2.0,3.0,8.079664838929656,6.6409621686875,SYN0108,synthetic,empirical_constrained_simulation_v1
2060-11-01,Australia West Coast,East Coast India,Iron Ore,Capesize,170000.0,1350.0,605.0,145.8,99.9,51.856,3.9,2.0,3.0,6.6409621686875,8.301202710859375,SYN0108,synthetic,empirical_constrained_simulation_v1
2060-12-01,Australia West Coast,East Coast India,Iron Ore,Capesize,170000.0,2150.0,658.0,104.4,97.0,41.4848,3.0,5.0,2.5,8.301202710859375,10.376503388574218,SYN0108,synthetic,empirical_constrained_simulation_v1
2061-01-01,Australia West Coast,East Coast India,Iron Ore,Capesize,170000.0,1740.0,630.0,146.6,101.4,33.336,2.3,5.0,3.5,10.376503388574218,11.417478459153768,SYN0108,synthetic,empirical_constrained_simulation_v1
2061-02-01,Australia West Coast,East Coast India,Iron Ore,Capesize,170000.0,1820.0,655.0,135.0,112.8,30.558,1.9,2.0,0.5,11.417478459153768,11.817186718617002,SYN0108,synthetic,empirical_constrained_simulation_v1
2061-03-01,Australia West Coast,East Coast India,Iron Ore,Capesize,170000.0,2080.0,652.0,109.0,92.3,50.93,3.7,3.0,3.0,11.817186718617002,12.129250207054616,SYN0108,synthetic,empirical_constrained_simulation_v1
2061-04-01,Australia West Coast,East Coast India,Iron Ore,Capesize,170000.0,1680.0,645.0,131.5,109.8,25.928,1.5,1.0,0.0,12.129250207054616,12.276497334220041,SYN0108,synthetic,empirical_constrained_simulation_v1
2061-05-01,Australia West Coast,East Coast India,Iron Ore,Capesize,170000.0,1850.0,635.0,107.5,103.5,34.817600000000006,2.4,5.0,4.0,12.276497334220041,9.943849975178212,SYN0108,synthetic,empirical_constrained_simulation_v1
2061-06-01,Australia West Coast,East Coast India,Iron Ore,Capesize,170000.0,1420.0,615.0,137.6,106.9,54.634,4.1,2.0,3.5,9.943849975178212,8.228162734302378,SYN0108,synthetic,empirical_constrained_simulation_v1
2061-07-01,Australia West Coast,East Coast India,Iron Ore,Capesize,170000.0,1820.0,655.0,135.0,112.8,30.558,1.9,2.0,0.5,8.228162734302378,8.458810792409711,SYN0108,synthetic,empirical_constrained_simulation_v1
2061-08-01,Australia West Coast,East Coast India,Iron Ore,Capesize,170000.0,1350.0,605.0,145.8,99.9,51.856,3.9,2.0,3.0,8.458810792409711,7.250962456859603,SYN0108,synthetic,empirical_constrained_simulation_v1
2061-09-01,Australia West Coast,East Coast India,Iron Ore,Capesize,170000.0,1310.0,588.0,106.9,105.1,27.4096,1.6,2.0,0.5,7.250962456859603,8.065121350223583,SYN0108,synthetic,empirical_constrained_simulation_v1
2061-10-01,Australia West Coast,East Coast India,Iron Ore,Capesize,170000.0,1680.0,645.0,131.5,109.8,25.928,1.5,1.0,0.0,8.065121350223583,10.08140168777948,SYN0108,synthetic,empirical_constrained_simulation_v1
2061-11-01,Australia West Coast,East Coast India,Iron Ore,Capesize,170000.0,1980.0,640.0,98.6,97.2,31.8544,2.0,2.0,0.5,10.08140168777948,7.561051265834609,SYN0108,synthetic,empirical_constrained_simulation_v1
2061-12-01,Australia West Coast,East Coast India,Iron Ore,Capesize,170000.0,1540.0,620.0,112.9,97.3,57.412000000000006,4.3,2.0,4.0,7.561051265834609,7.387324688388457,SYN0108,synthetic,empirical_constrained_simulation_v1
2062-01-01,Australia West Coast,East Coast India,Iron Ore,Capesize,170000.0,1420.0,615.0,137.6,106.9,54.634,4.1,2.0,3.5,7.387324688388457,8.670427855724707,SYN0108,synthetic,empirical_constrained_simulation_v1
2062-02-01,Australia West Coast,East Coast India,Iron Ore,Capesize,170000.0,1910.0,650.0,129.8,102.2,27.78,1.8,2.0,1.0,8.670427855724707,10.838034819655885,SYN0108,synthetic,empirical_constrained_simulation_v1
2062-03-01,Australia West Coast,East Coast India,Iron Ore,Capesize,170000.0,1970.0,646.0,112.6,102.5,31.1136,2.1,4.0,2.5,10.838034819655885,8.739641422808349,SYN0108,synthetic,empirical_constrained_simulation_v1
2062-04-01,Australia West Coast,East Coast India,Iron Ore,Capesize,170000.0,1460.0,608.0,112.2,99.7,53.708000000000006,4.0,2.0,3.5,8.739641422808349,7.223922946876711,SYN0108,synthetic,empirical_constrained_simulation_v1
2062-05-01,Australia West Coast,East Coast India,Iron Ore,Capesize,170000.0,1540.0,620.0,112.9,97.3,57.412000000000006,4.3,2.0,4.0,7.223922946876711,7.576317489739466,SYN0108,synthetic,empirical_constrained_simulation_v1
2062-06-01,Australia West Coast,East Coast India,Iron Ore,Capesize,170000.0,1890.0,642.0,135.1,107.5,48.152,3.5,3.0,2.5,7.576317489739466,8.202176857699802,SYN0108,synthetic,empirical_constrained_simulation_v1
2062-07-01,Australia West Coast,East Coast India,Iron Ore,Capesize,170000.0,1390.0,610.0,139.2,92.8,43.522000000000006,3.0,3.0,2.0,8.202176857699802,9.003975501870379,SYN0108,synthetic,empirical_constrained_simulation_v1
2062-08-01,Australia West Coast,East Coast India,Iron Ore,Capesize,170000.0,1820.0,655.0,135.0,112.8,30.558,1.9,2.0,0.5,9.003975501870379,8.986992453200816,SYN0108,synthetic,empirical_constrained_simulation_v1
2062-09-01,Australia West Coast,East Coast India,Iron Ore,Capesize,170000.0,1680.0,645.0,131.5,109.8,25.928,1.5,1.0,0.0,8.986992453200816,9.952060138214973,SYN0108,synthetic,empirical_constrained_simulation_v1
2062-10-01,Australia West Coast,East Coast India,Iron Ore,Capesize,170000.0,2080.0,652.0,109.0,92.3,50.93,3.7,3.0,3.0,9.952060138214973,10.990619973473144,SYN0108,synthetic,empirical_constrained_simulation_v1
2062-11-01,Australia West Coast,East Coast India,Iron Ore,Capesize,170000.0,2080.0,652.0,109.0,92.3,50.93,3.7,3.0,3.0,10.990619973473144,12.130306981771485,SYN0108,synthetic,empirical_constrained_simulation_v1
2062-12-01,Australia West Coast,East Coast India,Iron Ore,Capesize,170000.0,1500.0,614.0,106.3,103.3,44.8184,3.1,3.0,2.0,12.130306981771485,12.319176770255527,SYN0108,synthetic,empirical_constrained_simulation_v1
2063-01-01,Australia West Coast,East Coast India,Iron Ore,Capesize,170000.0,1820.0,655.0,135.0,112.8,30.558,1.9,2.0,0.5,12.319176770255527,15.398970962819408,SYN0108,synthetic,empirical_constrained_simulation_v1
2063-02-01,Australia West Coast,East Coast India,Iron Ore,Capesize,170000.0,2150.0,658.0,104.4,97.0,41.4848,3.0,5.0,2.5,15.398970962819408,11.549228222114557,SYN0108,synthetic,empirical_constrained_simulation_v1
2063-03-01,Australia West Coast,East Coast India,Iron Ore,Capesize,170000.0,1310.0,588.0,106.9,105.1,27.4096,1.6,2.0,0.5,11.549228222114557,11.478531230271662,SYN0108,synthetic,empirical_constrained_simulation_v1
2063-04-01,Australia West Coast,East Coast India,Iron Ore,Capesize,170000.0,1560.0,638.0,124.2,124.4,28.1504,1.7,2.0,0.5,11.478531230271662,12.925189598048814,SYN0108,synthetic,empirical_constrained_simulation_v1
2063-06-01,Australia West Coast,East Coast India,Iron Ore,Capesize,170000.0,1310.0,588.0,106.9,105.1,27.4096,1.6,2.0,0.5,11.4,14.016516644097248,SYN0109,synthetic,empirical_constrained_simulation_v1
2063-07-01,Australia West Coast,East Coast India,Iron Ore,Capesize,170000.0,1950.0,660.0,142.0,118.9,38.892,2.8,4.0,2.0,14.016516644097248,10.512387483072935,SYN0109,synthetic,empirical_constrained_simulation_v1
2063-08-01,Australia West Coast,East Coast India,Iron Ore,Capesize,170000.0,1420.0,615.0,137.6,106.9,54.634,4.1,2.0,3.5,10.512387483072935,9.274721616178471,SYN0109,synthetic,empirical_constrained_simulation_v1
2063-09-01,Australia West Coast,East Coast India,Iron Ore,Capesize,170000.0,2080.0,652.0,109.0,92.3,50.93,3.7,3.0,3.0,9.274721616178471,9.553333790239003,SYN0109,synthetic,empirical_constrained_simulation_v1
2063-10-01,Australia West Coast,East Coast India,Iron Ore,Capesize,170000.0,1820.0,655.0,135.0,112.8,30.558,1.9,2.0,0.5,9.553333790239003,9.463348044683652,SYN0109,synthetic,empirical_constrained_simulation_v1
2063-11-01,Australia West Coast,East Coast India,Iron Ore,Capesize,170000.0,1970.0,646.0,112.6,102.5,31.1136,2.1,4.0,2.5,9.463348044683652,11.829185055854566,SYN0109,synthetic,empirical_constrained_simulation_v1
2063-12-01,Australia West Coast,East Coast India,Iron Ore,Capesize,170000.0,1950.0,660.0,142.0,118.9,38.892,2.8,4.0,2.0,11.829185055854566,11.090654266371793,SYN0109,synthetic,empirical_constrained_simulation_v1
2064-01-01,Australia West Coast,East Coast India,Iron Ore,Capesize,170000.0,1460.0,608.0,112.2,99.7,53.708000000000006,4.0,2.0,3.5,11.090654266371793,13.863317832964741,SYN0109,synthetic,empirical_constrained_simulation_v1
2064-02-01,Australia West Coast,East Coast India,Iron Ore,Capesize,170000.0,1980.0,640.0,98.6,97.2,31.8544,2.0,2.0,0.5,13.863317832964741,13.521675371643306,SYN0109,synthetic,empirical_constrained_simulation_v1
2064-03-01,Australia West Coast,East Coast India,Iron Ore,Capesize,170000.0,1310.0,588.0,106.9,105.1,27.4096,1.6,2.0,0.5,13.521675371643306,13.936644769510519,SYN0109,synthetic,empirical_constrained_simulation_v1
2064-04-01,Australia West Coast,East Coast India,Iron Ore,Capesize,170000.0,1310.0,588.0,106.9,105.1,27.4096,1.6,2.0,0.5,13.936644769510519,12.165230601033628,SYN0109,synthetic,empirical_constrained_simulation_v1
2064-05-01,Australia West Coast,East Coast India,Iron Ore,Capesize,170000.0,1390.0,610.0,139.2,92.8,43.522000000000006,3.0,3.0,2.0,12.165230601033628,12.569203687686313,SYN0109,synthetic,empirical_constrained_simulation_v1
2064-06-01,Australia West Coast,East Coast India,Iron Ore,Capesize,170000.0,1890.0,642.0,135.1,107.5,48.152,3.5,3.0,2.5,12.569203687686313,14.33011524449512,SYN0109,synthetic,empirical_constrained_simulation_v1
2064-07-01,Australia West Coast,East Coast India,Iron Ore,Capesize,170000.0,1850.0,635.0,107.5,103.5,34.817600000000006,2.4,5.0,4.0,14.33011524449512,13.775652478602225,SYN0109,synthetic,empirical_constrained_simulation_v1
2064-08-01,Australia West Coast,East Coast India,Iron Ore,Capesize,170000.0,1390.0,610.0,139.2,92.8,43.522000000000006,3.0,3.0,2.0,13.775652478602225,16.646199426819887,SYN0109,synthetic,empirical_constrained_simulation_v1
2064-09-01,Australia West Coast,East Coast India,Iron Ore,Capesize,170000.0,1850.0,635.0,107.5,103.5,34.817600000000006,2.4,5.0,4.0,16.646199426819887,16.958174046905548,SYN0109,synthetic,empirical_constrained_simulation_v1
2064-10-01,Australia West Coast,East Coast India,Iron Ore,Capesize,170000.0,1980.0,640.0,98.6,97.2,31.8544,2.0,2.0,0.5,16.958174046905548,15.752651657275134,SYN0109,synthetic,empirical_constrained_simulation_v1
2064-11-01,Australia West Coast,East Coast India,Iron Ore,Capesize,170000.0,1910.0,650.0,129.8,102.2,27.78,1.8,2.0,1.0,15.752651657275134,17.491548289543374,SYN0109,synthetic,empirical_constrained_simulation_v1
2064-12-01,Australia West Coast,East Coast India,Iron Ore,Capesize,170000.0,1420.0,615.0,137.6,106.9,54.634,4.1,2.0,3.5,17.491548289543374,17.918857903330878,SYN0109,synthetic,empirical_constrained_simulation_v1
2065-01-01,Australia West Coast,East Coast India,Iron Ore,Capesize,170000.0,1850.0,635.0,107.5,103.5,34.817600000000006,2.4,5.0,4.0,17.918857903330878,13.43914342749816,SYN0109,synthetic,empirical_constrained_simulation_v1
2065-02-01,Australia West Coast,East Coast India,Iron Ore,Capesize,170000.0,1350.0,605.0,145.8,99.9,51.856,3.9,2.0,3.0,13.43914342749816,13.469179391866662,SYN0109,synthetic,empirical_constrained_simulation_v1
2065-03-01,Australia West Coast,East Coast India,Iron Ore,Capesize,170000.0,1500.0,614.0,106.3,103.3,44.8184,3.1,3.0,2.0,13.469179391866662,16.83647423983333,SYN0109,synthetic,empirical_constrained_simulation_v1
2065-04-01,Australia West Coast,East Coast India,Iron Ore,Capesize,170000.0,1980.0,640.0,98.6,97.2,31.8544,2.0,2.0,0.5,16.83647423983333,16.517650479134666,SYN0109,synthetic,empirical_constrained_simulation_v1
2065-05-01,Australia West Coast,East Coast India,Iron Ore,Capesize,170000.0,1820.0,655.0,135.0,112.8,30.558,1.9,2.0,0.5,16.517650479134666,13.70236982284858,SYN0109,synthetic,empirical_constrained_simulation_v1
2065-06-01,Australia West Coast,East Coast India,Iron Ore,Capesize,170000.0,1310.0,588.0,106.9,105.1,27.4096,1.6,2.0,0.5,13.70236982284858,14.504767791540976,SYN0109,synthetic,empirical_constrained_simulation_v1
2065-07-01,Australia West Coast,East Coast India,Iron Ore,Capesize,170000.0,1910.0,650.0,129.8,102.2,27.78,1.8,2.0,1.0,14.504767791540976,13.50880077766567,SYN0109,synthetic,empirical_constrained_simulation_v1
2065-08-01,Australia West Coast,East Coast India,Iron Ore,Capesize,170000.0,2150.0,658.0,104.4,97.0,41.4848,3.0,5.0,2.5,13.50880077766567,11.067420219313895,SYN0109,synthetic,empirical_constrained_simulation_v1
2065-09-01,Australia West Coast,East Coast India,Iron Ore,Capesize,170000.0,1310.0,588.0,106.9,105.1,27.4096,1.6,2.0,0.5,11.067420219313895,10.781966504500936,SYN0109,synthetic,empirical_constrained_simulation_v1
2065-10-01,Australia West Coast,East Coast India,Iron Ore,Capesize,170000.0,1880.0,648.0,142.1,100.5,30.0024,2.0,4.0,2.5,10.781966504500936,8.086474878375702,SYN0109,synthetic,empirical_constrained_simulation_v1
2065-11-01,Australia West Coast,East Coast India,Iron Ore,Capesize,170000.0,1350.0,605.0,145.8,99.9,51.856,3.9,2.0,3.0,8.086474878375702,6.064856158781776,SYN0109,synthetic,empirical_constrained_simulation_v1
2065-12-01,Australia West Coast,East Coast India,Iron Ore,Capesize,170000.0,1460.0,608.0,112.2,99.7,53.708000000000006,4.0,2.0,3.5,6.064856158781776,7.58107019847722,SYN0109,synthetic,empirical_constrained_simulation_v1
2066-01-01,Australia West Coast,East Coast India,Iron Ore,Capesize,170000.0,1980.0,640.0,98.6,97.2,31.8544,2.0,2.0,0.5,7.58107019847722,9.476337748096524,SYN0109,synthetic,empirical_constrained_simulation_v1
2066-02-01,Australia West Coast,East Coast India,Iron Ore,Capesize,170000.0,1740.0,630.0,146.6,101.4,33.336,2.3,5.0,3.5,9.476337748096524,10.846348483278838,SYN0109,synthetic,empirical_constrained_simulation_v1
2066-03-01,Australia West Coast,East Coast India,Iron Ore,Capesize,170000.0,1880.0,648.0,142.1,100.5,30.0024,2.0,4.0,2.5,10.846348483278838,10.808273250440049,SYN0109,synthetic,empirical_constrained_simulation_v1
2066-04-01,Australia West Coast,East Coast India,Iron Ore,Capesize,170000.0,1360.0,592.0,104.0,100.1,25.557600000000004,1.5,1.0,0.0,10.808273250440049,13.483155333337663,SYN0109,synthetic,empirical_constrained_simulation_v1
2066-05-01,Australia West Coast,East Coast India,Iron Ore,Capesize,170000.0,1950.0,660.0,142.0,118.9,38.892,2.8,4.0,2.0,13.483155333337663,13.497632696925725,SYN0109,synthetic,empirical_constrained_simulation_v1
2066-06-01,Australia West Coast,East Coast India,Iron Ore,Capesize,170000.0,1390.0,610.0,139.2,92.8,43.522000000000006,3.0,3.0,2.0,13.497632696925725,14.393001939923886,SYN0109,synthetic,empirical_constrained_simulation_v1
2066-07-01,Australia West Coast,East Coast India,Iron Ore,Capesize,170000.0,1390.0,610.0,139.2,92.8,43.522000000000006,3.0,3.0,2.0,14.393001939923886,15.129594739929109,SYN0109,synthetic,empirical_constrained_simulation_v1
2066-08-01,Australia West Coast,East Coast India,Iron Ore,Capesize,170000.0,1680.0,645.0,131.5,109.8,25.928,1.5,1.0,0.0,15.129594739929109,13.125318627499473,SYN0109,synthetic,empirical_constrained_simulation_v1
2066-09-01,Australia West Coast,East Coast India,Iron Ore,Capesize,170000.0,2080.0,652.0,109.0,92.3,50.93,3.7,3.0,3.0,13.125318627499473,13.209947683588318,SYN0109,synthetic,empirical_constrained_simulation_v1
2066-10-01,Australia West Coast,East Coast India,Iron Ore,Capesize,170000.0,1910.0,650.0,129.8,102.2,27.78,1.8,2.0,1.0,13.209947683588318,16.5124346044854,SYN0109,synthetic,empirical_constrained_simulation_v1
2066-11-01,Australia West Coast,East Coast India,Iron Ore,Capesize,170000.0,1740.0,630.0,146.6,101.4,33.336,2.3,5.0,3.5,16.5124346044854,15.996524450889314,SYN0109,synthetic,empirical_constrained_simulation_v1
2066-12-01,Australia West Coast,East Coast India,Iron Ore,Capesize,170000.0,1970.0,646.0,112.6,102.5,31.1136,2.1,4.0,2.5,15.996524450889314,15.939307925310818,SYN0109,synthetic,empirical_constrained_simulation_v1
2067-01-01,Australia West Coast,East Coast India,Iron Ore,Capesize,170000.0,1680.0,645.0,131.5,109.8,25.928,1.5,1.0,0.0,15.939307925310818,15.496262670598124,SYN0109,synthetic,empirical_constrained_simulation_v1
2067-02-01,Australia West Coast,East Coast India,Iron Ore,Capesize,170000.0,1950.0,660.0,142.0,118.9,38.892,2.8,4.0,2.0,15.496262670598124,15.571219710532235,SYN0109,synthetic,empirical_constrained_simulation_v1
2067-03-01,Australia West Coast,East Coast India,Iron Ore,Capesize,170000.0,1680.0,645.0,131.5,109.8,25.928,1.5,1.0,0.0,15.571219710532235,19.464024638165295,SYN0109,synthetic,empirical_constrained_simulation_v1
2067-04-01,Australia West Coast,East Coast India,Iron Ore,Capesize,170000.0,2150.0,658.0,104.4,97.0,41.4848,3.0,5.0,2.5,19.464024638165295,14.702980482266115,SYN0109,synthetic,empirical_constrained_simulation_v1
2067-05-01,Australia West Coast,East Coast India,Iron Ore,Capesize,170000.0,1420.0,615.0,137.6,106.9,54.634,4.1,2.0,3.5,14.702980482266115,14.671392651570077,SYN0109,synthetic,empirical_constrained_simulation_v1
2067-06-01,Australia West Coast,East Coast India,Iron Ore,Capesize,170000.0,1350.0,605.0,145.8,99.9,51.856,3.9,2.0,3.0,14.671392651570077,12.443095444826481,SYN0109,synthetic,empirical_constrained_simulation_v1
2067-08-01,Australia West Coast,East Coast India,Iron Ore,Capesize,170000.0,1970.0,646.0,112.6,102.5,31.1136,2.1,4.0,2.5,10.3,10.026384797518869,SYN0110,synthetic,empirical_constrained_simulation_v1
2067-09-01,Australia West Coast,East Coast India,Iron Ore,Capesize,170000.0,1970.0,646.0,112.6,102.5,31.1136,2.1,4.0,2.5,10.026384797518869,11.48191046006905,SYN0110,synthetic,empirical_constrained_simulation_v1
2067-10-01,Australia West Coast,East Coast India,Iron Ore,Capesize,170000.0,1950.0,660.0,142.0,118.9,38.892,2.8,4.0,2.0,11.48191046006905,9.276558345420165,SYN0110,synthetic,empirical_constrained_simulation_v1
2067-11-01,Australia West Coast,East Coast India,Iron Ore,Capesize,170000.0,1310.0,588.0,106.9,105.1,27.4096,1.6,2.0,0.5,9.276558345420165,6.957418759065124,SYN0110,synthetic,empirical_constrained_simulation_v1
2067-12-01,Australia West Coast,East Coast India,Iron Ore,Capesize,170000.0,1460.0,608.0,112.2,99.7,53.708000000000006,4.0,2.0,3.5,6.957418759065124,6.365216423731933,SYN0110,synthetic,empirical_constrained_simulation_v1
2068-01-01,Australia West Coast,East Coast India,Iron Ore,Capesize,170000.0,1310.0,588.0,106.9,105.1,27.4096,1.6,2.0,0.5,6.365216423731933,6.212866195747232,SYN0110,synthetic,empirical_constrained_simulation_v1
2068-02-01,Australia West Coast,East Coast India,Iron Ore,Capesize,170000.0,1420.0,615.0,137.6,106.9,54.634,4.1,2.0,3.5,6.212866195747232,5.890404304063975,SYN0110,synthetic,empirical_constrained_simulation_v1
2068-03-01,Australia West Coast,East Coast India,Iron Ore,Capesize,170000.0,1460.0,608.0,112.2,99.7,53.708000000000006,4.0,2.0,3.5,5.890404304063975,5.978921061574844,SYN0110,synthetic,empirical_constrained_simulation_v1
2068-04-01,Australia West Coast,East Coast India,Iron Ore,Capesize,170000.0,2080.0,652.0,109.0,92.3,50.93,3.7,3.0,3.0,5.978921061574844,7.473651326968555,SYN0110,synthetic,empirical_constrained_simulation_v1
2068-05-01,Australia West Coast,East Coast India,Iron Ore,Capesize,170000.0,1880.0,648.0,142.1,100.5,30.0024,2.0,4.0,2.5,7.473651326968555,7.389048656425057,SYN0110,synthetic,empirical_constrained_simulation_v1
2068-06-01,Australia West Coast,East Coast India,Iron Ore,Capesize,170000.0,2080.0,652.0,109.0,92.3,50.93,3.7,3.0,3.0,7.389048656425057,7.036066856733298,SYN0110,synthetic,empirical_constrained_simulation_v1
2068-07-01,Australia West Coast,East Coast India,Iron Ore,Capesize,170000.0,1890.0,642.0,135.1,107.5,48.152,3.5,3.0,2.5,7.036066856733298,7.2631835544365595,SYN0110,synthetic,empirical_constrained_simulation_v1
2068-08-01,Australia West Coast,East Coast India,Iron Ore,Capesize,170000.0,1950.0,660.0,142.0,118.9,38.892,2.8,4.0,2.0,7.2631835544365595,7.422226281534331,SYN0110,synthetic,empirical_constrained_simulation_v1
2068-09-01,Australia West Coast,East Coast India,Iron Ore,Capesize,170000.0,1890.0,642.0,135.1,107.5,48.152,3.5,3.0,2.5,7.422226281534331,6.9938360207814805,SYN0110,synthetic,empirical_constrained_simulation_v1
2068-10-01,Australia West Coast,East Coast India,Iron Ore,Capesize,170000.0,1460.0,608.0,112.2,99.7,53.708000000000006,4.0,2.0,3.5,6.9938360207814805,7.782958327632123,SYN0110,synthetic,empirical_constrained_simulation_v1
2068-11-01,Australia West Coast,East Coast India,Iron Ore,Capesize,170000.0,1880.0,648.0,142.1,100.5,30.0024,2.0,4.0,2.5,7.782958327632123,8.372980964427946,SYN0110,synthetic,empirical_constrained_simulation_v1
2068-12-01,Australia West Coast,East Coast India,Iron Ore,Capesize,170000.0,1420.0,615.0,137.6,106.9,54.634,4.1,2.0,3.5,8.372980964427946,9.29630550498682,SYN0110,synthetic,empirical_constrained_simulation_v1
2069-01-01,Australia West Coast,East Coast India,Iron Ore,Capesize,170000.0,1460.0,608.0,112.2,99.7,53.708000000000006,4.0,2.0,3.5,9.29630550498682,9.769635354396025,SYN0110,synthetic,empirical_constrained_simulation_v1
2069-02-01,Australia West Coast,East Coast India,Iron Ore,Capesize,170000.0,1310.0,588.0,106.9,105.1,27.4096,1.6,2.0,0.5,9.769635354396025,9.531180366351771,SYN0110,synthetic,empirical_constrained_simulation_v1
2069-03-01,Australia West Coast,East Coast India,Iron Ore,Capesize,170000.0,1420.0,615.0,137.6,106.9,54.634,4.1,2.0,3.5,9.531180366351771,9.618426409406155,SYN0110,synthetic,empirical_constrained_simulation_v1
2069-04-01,Australia West Coast,East Coast India,Iron Ore,Capesize,170000.0,1850.0,635.0,107.5,103.5,34.817600000000006,2.4,5.0,4.0,9.618426409406155,9.49572389773673,SYN0110,synthetic,empirical_constrained_simulation_v1
2069-05-01,Australia West Coast,East Coast India,Iron Ore,Capesize,170000.0,1540.0,620.0,112.9,97.3,57.412000000000006,4.3,2.0,4.0,9.49572389773673,9.371989866142972,SYN0110,synthetic,empirical_constrained_simulation_v1
2069-06-01,Australia West Coast,East Coast India,Iron Ore,Capesize,170000.0,1910.0,650.0,129.8,102.2,27.78,1.8,2.0,1.0,9.371989866142972,8.70099027165057,SYN0110,synthetic,empirical_constrained_simulation_v1
2069-07-01,Australia West Coast,East Coast India,Iron Ore,Capesize,170000.0,1310.0,588.0,106.9,105.1,27.4096,1.6,2.0,0.5,8.70099027165057,9.136463669770006,SYN0110,synthetic,empirical_constrained_simulation_v1
2069-08-01,Australia West Coast,East Coast India,Iron Ore,Capesize,170000.0,1950.0,660.0,142.0,118.9,38.892,2.8,4.0,2.0,9.136463669770006,9.95388745321455,SYN0110,synthetic,empirical_constrained_simulation_v1
2069-09-01,Australia West Coast,East Coast India,Iron Ore,Capesize,170000.0,1850.0,635.0,107.5,103.5,34.817600000000006,2.4,5.0,4.0,9.95388745321455,12.442359316518187,SYN0110,synthetic,empirical_constrained_simulation_v1
2069-10-01,Australia West Coast,East Coast India,Iron Ore,Capesize,170000.0,1970.0,646.0,112.6,102.5,31.1136,2.1,4.0,2.5,12.442359316518187,10.674015806998334,SYN0110,synthetic,empirical_constrained_simulation_v1
2069-11-01,Australia West Coast,East Coast India,Iron Ore,Capesize,170000.0,1310.0,588.0,106.9,105.1,27.4096,1.6,2.0,0.5,10.674015806998334,11.444596271959352,SYN0110,synthetic,empirical_constrained_simulation_v1
2069-12-01,Australia West Coast,East Coast India,Iron Ore,Capesize,170000.0,1420.0,615.0,137.6,106.9,54.634,4.1,2.0,3.5,11.444596271959352,12.198033433672693,SYN0110,synthetic,empirical_constrained_simulation_v1
2070-01-01,Australia West Coast,East Coast India,Iron Ore,Capesize,170000.0,1950.0,660.0,142.0,118.9,38.892,2.8,4.0,2.0,12.198033433672693,12.657647696513852,SYN0110,synthetic,empirical_constrained_simulation_v1
2070-02-01,Australia West Coast,East Coast India,Iron Ore,Capesize,170000.0,1390.0,610.0,139.2,92.8,43.522000000000006,3.0,3.0,2.0,12.657647696513852,12.938849963315025,SYN0110,synthetic,empirical_constrained_simulation_v1
2070-03-01,Australia West Coast,East Coast India,Iron Ore,Capesize,170000.0,1910.0,650.0,129.8,102.2,27.78,1.8,2.0,1.0,12.938849963315025,12.576837653320855,SYN0110,synthetic,empirical_constrained_simulation_v1
2070-04-01,Australia West Coast,East Coast India,Iron Ore,Capesize,170000.0,1310.0,588.0,106.9,105.1,27.4096,1.6,2.0,0.5,12.576837653320855,15.721047066651067,SYN0110,synthetic,empirical_constrained_simulation_v1
2070-05-01,Australia West Coast,East Coast India,Iron Ore,Capesize,170000.0,1970.0,646.0,112.6,102.5,31.1136,2.1,4.0,2.5,15.721047066651067,14.120845384928277,SYN0110,synthetic,empirical_constrained_simulation_v1
2070-06-01,Australia West Coast,East Coast India,Iron Ore,Capesize,170000.0,2080.0,652.0,109.0,92.3,50.93,3.7,3.0,3.0,14.120845384928277,11.080550418816378,SYN0110,synthetic,empirical_constrained_simulation_v1
2070-07-01,Australia West Coast,East Coast India,Iron Ore,Capesize,170000.0,1420.0,615.0,137.6,106.9,54.634,4.1,2.0,3.5,11.080550418816378,13.587260564883904,SYN0110,synthetic,empirical_constrained_simulation_v1
2070-08-01,Australia West Coast,East Coast India,Iron Ore,Capesize,170000.0,1740.0,630.0,146.6,101.4,33.336,2.3,5.0,3.5,13.587260564883904,16.898974802415093,SYN0110,synthetic,empirical_constrained_simulation_v1
2070-09-01,Australia West Coast,East Coast India,Iron Ore,Capesize,170000.0,1740.0,630.0,146.6,101.4,33.336,2.3,5.0,3.5,16.898974802415093,21.123718503018868,SYN0110,synthetic,empirical_constrained_simulation_v1
2070-10-01,Australia West Coast,East Coast India,Iron Ore,Capesize,170000.0,1980.0,640.0,98.6,97.2,31.8544,2.0,2.0,0.5,21.123718503018868,19.36475972662339,SYN0110,synthetic,empirical_constrained_simulation_v1
2070-11-01,Australia West Coast,East Coast India,Iron Ore,Capesize,170000.0,1540.0,620.0,112.9,97.3,57.412000000000006,4.3,2.0,4.0,19.36475972662339,17.874515381463866,SYN0110,synthetic,empirical_constrained_simulation_v1
2070-12-01,Australia West Coast,East Coast India,Iron Ore,Capesize,170000.0,1850.0,635.0,107.5,103.5,34.817600000000006,2.4,5.0,4.0,17.874515381463866,17.825645215814344,SYN0110,synthetic,empirical_constrained_simulation_v1
2071-01-01,Australia West Coast,East Coast India,Iron Ore,Capesize,170000.0,1980.0,640.0,98.6,97.2,31.8544,2.0,2.0,0.5,17.825645215814344,18.498298537137526,SYN0110,synthetic,empirical_constrained_simulation_v1
2071-02-01,Australia West Coast,East Coast India,Iron Ore,Capesize,170000.0,1970.0,646.0,112.6,102.5,31.1136,2.1,4.0,2.5,18.498298537137526,23.122873171421908,SYN0110,synthetic,empirical_constrained_simulation_v1
2071-03-01,Australia West Coast,East Coast India,Iron Ore,Capesize,170000.0,1950.0,660.0,142.0,118.9,38.892,2.8,4.0,2.0,23.122873171421908,23.00302371575046,SYN0110,synthetic,empirical_constrained_simulation_v1
2071-04-01,Australia West Coast,East Coast India,Iron Ore,Capesize,170000.0,1890.0,642.0,135.1,107.5,48.152,3.5,3.0,2.5,23.00302371575046,28.753779644688073,SYN0110,synthetic,empirical_constrained_simulation_v1
2071-05-01,Australia West Coast,East Coast India,Iron Ore,Capesize,170000.0,1980.0,640.0,98.6,97.2,31.8544,2.0,2.0,0.5,28.753779644688073,26.54679898254669,SYN0110,synthetic,empirical_constrained_simulation_v1
2071-06-01,Australia West Coast,East Coast India,Iron Ore,Capesize,170000.0,1850.0,635.0,107.5,103.5,34.817600000000006,2.4,5.0,4.0,26.54679898254669,28.22122045348308,SYN0110,synthetic,empirical_constrained_simulation_v1
2071-07-01,Australia West Coast,East Coast India,Iron Ore,Capesize,170000.0,2080.0,652.0,109.0,92.3,50.93,3.7,3.0,3.0,28.22122045348308,25.15130916967337,SYN0110,synthetic,empirical_constrained_simulation_v1
2071-08-01,Australia West Coast,East Coast India,Iron Ore,Capesize,170000.0,1980.0,640.0,98.6,97.2,31.8544,2.0,2.0,0.5,25.15130916967337,26.046090491696482,SYN0110,synthetic,empirical_constrained_simulation_v1
2030-02-01,Hay Point,East Coast India,Coal,Capesize,170000.0,1310.0,588.0,106.9,105.1,31.1136,1.9,2.0,0.5,12.2,12.52122134436613,SYN0201,synthetic,empirical_constrained_simulation_v1
2030-03-01,Hay Point,East Coast India,Coal,Capesize,170000.0,1680.0,645.0,131.5,109.8,27.78,1.7,1.0,0.0,12.52122134436613,11.1820105056078,SYN0201,synthetic,empirical_constrained_simulation_v1
2030-04-01,Hay Point,East Coast India,Coal,Capesize,170000.0,1360.0,592.0,104.0,100.1,26.854000000000003,1.6,1.0,0.0,11.1820105056078,10.944029871010619,SYN0201,synthetic,empirical_constrained_simulation_v1
2030-05-01,Hay Point,East Coast India,Coal,Capesize,170000.0,1350.0,605.0,145.8,99.9,46.6704,3.4,2.0,3.0,10.944029871010619,9.351892239611265,SYN0201,synthetic,empirical_constrained_simulation_v1
2030-06-01,Hay Point,East Coast India,Coal,Capesize,170000.0,1540.0,620.0,112.9,97.3,50.93,3.8,2.0,4.0,9.351892239611265,11.689865299514082,SYN0201,synthetic,empirical_constrained_simulation_v1
2030-07-01,Hay Point,East Coast India,Coal,Capesize,170000.0,1740.0,630.0,146.6,101.4,32.410000000000004,2.2,5.0,3.5,11.689865299514082,11.87309803862429,SYN0201,synthetic,empirical_constrained_simulation_v1
2030-08-01,Hay Point,East Coast India,Coal,Capesize,170000.0,2080.0,652.0,109.0,92.3,45.9296,3.3,3.0,3.0,11.87309803862429,12.178944647348388,SYN0201,synthetic,empirical_constrained_simulation_v1
2030-09-01,Hay Point,East Coast India,Coal,Capesize,170000.0,1500.0,614.0,106.3,103.3,39.818000000000005,2.8,3.0,2.0,12.178944647348388,12.600580095824116,SYN0201,synthetic,empirical_constrained_simulation_v1
2030-10-01,Hay Point,East Coast India,Coal,Capesize,170000.0,1360.0,592.0,104.0,100.1,26.854000000000003,1.6,1.0,0.0,12.600580095824116,12.961179616659107,SYN0201,synthetic,empirical_constrained_simulation_v1
2030-11-01,Hay Point,East Coast India,Coal,Capesize,170000.0,1390.0,610.0,139.2,92.8,38.52160000000001,2.7,3.0,2.0,12.961179616659107,13.52756861269691,SYN0201,synthetic,empirical_constrained_simulation_v1
2030-12-01,Hay Point,East Coast India,Coal,Capesize,170000.0,1880.0,648.0,142.1,100.5,31.1136,2.0,4.0,2.5,13.52756861269691,13.697423325522552,SYN0201,synthetic,empirical_constrained_simulation_v1
2031-01-01,Hay Point,East Coast India,Coal,Capesize,170000.0,1910.0,650.0,129.8,102.2,31.484,1.9,2.0,1.0,13.697423325522552,13.571227451797261,SYN0201,synthetic,empirical_constrained_simulation_v1
2031-02-01,Hay Point,East Coast India,Coal,Capesize,170000.0,1460.0,608.0,112.2,99.7,48.152,3.5,2.0,3.5,13.571227451797261,14.293012535793922,SYN0201,synthetic,empirical_constrained_simulation_v1
2031-03-01,Hay Point,East Coast India,Coal,Capesize,170000.0,1820.0,655.0,135.0,112.8,26.2984,1.6,2.0,0.5,14.293012535793922,13.520413971387669,SYN0201,synthetic,empirical_constrained_simulation_v1
2031-04-01,Hay Point,East Coast India,Coal,Capesize,170000.0,1390.0,610.0,139.2,92.8,38.52160000000001,2.7,3.0,2.0,13.520413971387669,13.04427817984903,SYN0201,synthetic,empirical_constrained_simulation_v1
2031-05-01,Hay Point,East Coast India,Coal,Capesize,170000.0,1540.0,620.0,112.9,97.3,50.93,3.8,2.0,4.0,13.04427817984903,12.085586522829365,SYN0201,synthetic,empirical_constrained_simulation_v1
2031-06-01,Hay Point,East Coast India,Coal,Capesize,170000.0,1850.0,635.0,107.5,103.5,33.7064,2.3,5.0,4.0,12.085586522829365,14.835659437913503,SYN0201,synthetic,empirical_constrained_simulation_v1
2031-07-01,Hay Point,East Coast India,Coal,Capesize,170000.0,1850.0,635.0,107.5,103.5,33.7064,2.3,5.0,4.0,14.835659437913503,14.066318872703327,SYN0201,synthetic,empirical_constrained_simulation_v1
2031-08-01,Hay Point,East Coast India,Coal,Capesize,170000.0,1500.0,614.0,106.3,103.3,39.818000000000005,2.8,3.0,2.0,14.066318872703327,14.402539675683862,SYN0201,synthetic,empirical_constrained_simulation_v1
2031-09-01,Hay Point,East Coast India,Coal,Capesize,170000.0,1350.0,605.0,145.8,99.9,46.6704,3.4,2.0,3.0,14.402539675683862,14.817652004558658,SYN0201,synthetic,empirical_constrained_simulation_v1
2031-10-01,Hay Point,East Coast India,Coal,Capesize,170000.0,1850.0,635.0,107.5,103.5,33.7064,2.3,5.0,4.0,14.817652004558658,16.27170782749564,SYN0201,synthetic,empirical_constrained_simulation_v1
2031-11-01,Hay Point,East Coast India,Coal,Capesize,170000.0,1970.0,646.0,112.6,102.5,31.484,2.1,4.0,2.5,16.27170782749564,12.20378087062173,SYN0201,synthetic,empirical_constrained_simulation_v1
2031-12-01,Hay Point,East Coast India,Coal,Capesize,170000.0,1540.0,620.0,112.9,97.3,50.93,3.8,2.0,4.0,12.20378087062173,12.485273134539659,SYN0201,synthetic,empirical_constrained_simulation_v1
2032-01-01,Hay Point,East Coast India,Coal,Capesize,170000.0,2080.0,652.0,109.0,92.3,45.9296,3.3,3.0,3.0,12.485273134539659,13.528083295194303,SYN0201,synthetic,empirical_constrained_simulation_v1
2032-02-01,Hay Point,East Coast India,Coal,Capesize,170000.0,1680.0,645.0,131.5,109.8,27.78,1.7,1.0,0.0,13.528083295194303,13.0520424383678,SYN0201,synthetic,empirical_constrained_simulation_v1
2032-03-01,Hay Point,East Coast India,Coal,Capesize,170000.0,1380.0,595.0,118.6,99.6,29.632,1.8,2.0,0.5,13.0520424383678,12.139522599528343,SYN0201,synthetic,empirical_constrained_simulation_v1
2032-04-01,Hay Point,East Coast India,Coal,Capesize,170000.0,1310.0,588.0,106.9,105.1,31.1136,1.9,2.0,0.5,12.139522599528343,12.981427430599519,SYN0201,synthetic,empirical_constrained_simulation_v1
2032-05-01,Hay Point,East Coast India,Coal,Capesize,170000.0,2150.0,658.0,104.4,97.0,37.966,2.8,5.0,2.5,12.981427430599519,16.226784288249398,SYN0201,synthetic,empirical_constrained_simulation_v1
2032-06-01,Hay Point,East Coast India,Coal,Capesize,170000.0,1880.0,648.0,142.1,100.5,31.1136,2.0,4.0,2.5,16.226784288249398,14.223003028282303,SYN0201,synthetic,empirical_constrained_simulation_v1
2032-07-01,Hay Point,East Coast India,Coal,Capesize,170000.0,1460.0,608.0,112.2,99.7,48.152,3.5,2.0,3.5,14.223003028282303,14.521107599573414,SYN0201,synthetic,empirical_constrained_simulation_v1
2032-08-01,Hay Point,East Coast India,Coal,Capesize,170000.0,1500.0,614.0,106.3,103.3,39.818000000000005,2.8,3.0,2.0,14.521107599573414,13.921871836850155,SYN0201,synthetic,empirical_constrained_simulation_v1
2032-09-01,Hay Point,East Coast India,Coal,Capesize,170000.0,1910.0,650.0,129.8,102.2,31.484,1.9,2.0,1.0,13.921871836850155,10.770185181871792,SYN0201,synthetic,empirical_constrained_simulation_v1
2032-10-01,Hay Point,East Coast India,Coal,Capesize,170000.0,1540.0,620.0,112.9,97.3,50.93,3.8,2.0,4.0,10.770185181871792,10.046357496869213,SYN0201,synthetic,empirical_constrained_simulation_v1
2032-11-01,Hay Point,East Coast India,Coal,Capesize,170000.0,1850.0,635.0,107.5,103.5,33.7064,2.3,5.0,4.0,10.046357496869213,11.41819950415373,SYN0201,synthetic,empirical_constrained_simulation_v1
2032-12-01,Hay Point,East Coast India,Coal,Capesize,170000.0,1850.0,635.0,107.5,103.5,33.7064,2.3,5.0,4.0,11.41819950415373,14.272749380192163,SYN0201,synthetic,empirical_constrained_simulation_v1
2033-01-01,Hay Point,East Coast India,Coal,Capesize,170000.0,1970.0,646.0,112.6,102.5,31.484,2.1,4.0,2.5,14.272749380192163,13.161249599212036,SYN0201,synthetic,empirical_constrained_simulation_v1
2033-02-01,Hay Point,East Coast India,Coal,Capesize,170000.0,1890.0,642.0,135.1,107.5,43.522000000000006,3.1,3.0,2.5,13.161249599212036,13.915674144584102,SYN0201,synthetic,empirical_constrained_simulation_v1
2033-03-01,Hay Point,East Coast India,Coal,Capesize,170000.0,2150.0,658.0,104.4,97.0,37.966,2.8,5.0,2.5,13.915674144584102,14.031495674239673,SYN0201,synthetic,empirical_constrained_simulation_v1
2033-04-01,Hay Point,East Coast India,Coal,Capesize,170000.0,1360.0,592.0,104.0,100.1,26.854000000000003,1.6,1.0,0.0,14.031495674239673,13.879839469402535,SYN0201,synthetic,empirical_constrained_simulation_v1
2033-05-01,Hay Point,East Coast India,Coal,Capesize,170000.0,1910.0,650.0,129.8,102.2,31.484,1.9,2.0,1.0,13.879839469402535,13.889339740148271,SYN0201,synthetic,empirical_constrained_simulation_v1
2033-06-01,Hay Point,East Coast India,Coal,Capesize,170000.0,1390.0,610.0,139.2,92.8,38.52160000000001,2.7,3.0,2.0,13.889339740148271,13.25992137082178,SYN0201,synthetic,empirical_constrained_simulation_v1
2033-07-01,Hay Point,East Coast India,Coal,Capesize,170000.0,1350.0,605.0,145.8,99.9,46.6704,3.4,2.0,3.0,13.25992137082178,16.04882716301563,SYN0201,synthetic,empirical_constrained_simulation_v1
2033-08-01,Hay Point,East Coast India,Coal,Capesize,170000.0,1880.0,648.0,142.1,100.5,31.1136,2.0,4.0,2.5,16.04882716301563,17.679900326927022,SYN0201,synthetic,empirical_constrained_simulation_v1
2033-09-01,Hay Point,East Coast India,Coal,Capesize,170000.0,1880.0,648.0,142.1,100.5,31.1136,2.0,4.0,2.5,17.679900326927022,13.259925245195266,SYN0201,synthetic,empirical_constrained_simulation_v1
2033-10-01,Hay Point,East Coast India,Coal,Capesize,170000.0,1350.0,605.0,145.8,99.9,46.6704,3.4,2.0,3.0,13.259925245195266,13.046101635645348,SYN0201,synthetic,empirical_constrained_simulation_v1
2033-11-01,Hay Point,East Coast India,Coal,Capesize,170000.0,1360.0,592.0,104.0,100.1,26.854000000000003,1.6,1.0,0.0,13.046101635645348,12.208537769882843,SYN0201,synthetic,empirical_constrained_simulation_v1
2033-12-01,Hay Point,East Coast India,Coal,Capesize,170000.0,1880.0,648.0,142.1,100.5,31.1136,2.0,4.0,2.5,12.208537769882843,15.260672212353555,SYN0201,synthetic,empirical_constrained_simulation_v1
2034-01-01,Hay Point,East Coast India,Coal,Capesize,170000.0,1850.0,635.0,107.5,103.5,33.7064,2.3,5.0,4.0,15.260672212353555,14.631123817694096,SYN0201,synthetic,empirical_constrained_simulation_v1
2034-02-01,Hay Point,East Coast India,Coal,Capesize,170000.0,1740.0,630.0,146.6,101.4,32.410000000000004,2.2,5.0,3.5,14.631123817694096,15.361646446221716,SYN0201,synthetic,empirical_constrained_simulation_v1
2034-04-01,Hay Point,East Coast India,Coal,Capesize,170000.0,1890.0,642.0,135.1,107.5,43.522000000000006,3.1,3.0,2.5,17.2,14.031467523062117,SYN0202,synthetic,empirical_constrained_simulation_v1
2034-05-01,Hay Point,East Coast India,Coal,Capesize,170000.0,1540.0,620.0,112.9,97.3,50.93,3.8,2.0,4.0,14.031467523062117,14.047375623779777,SYN0202,synthetic,empirical_constrained_simulation_v1
2034-06-01,Hay Point,East Coast India,Coal,Capesize,170000.0,1500.0,614.0,106.3,103.3,39.818000000000005,2.8,3.0,2.0,14.047375623779777,13.23366445865306,SYN0202,synthetic,empirical_constrained_simulation_v1
2034-07-01,Hay Point,East Coast India,Coal,Capesize,170000.0,1950.0,660.0,142.0,118.9,35.188,2.6,4.0,2.0,13.23366445865306,12.577538390092831,SYN0202,synthetic,empirical_constrained_simulation_v1
2034-08-01,Hay Point,East Coast India,Coal,Capesize,170000.0,1890.0,642.0,135.1,107.5,43.522000000000006,3.1,3.0,2.5,12.577538390092831,12.17268369458657,SYN0202,synthetic,empirical_constrained_simulation_v1
2034-09-01,Hay Point,East Coast India,Coal,Capesize,170000.0,1310.0,588.0,106.9,105.1,31.1136,1.9,2.0,0.5,12.17268369458657,12.327088388482824,SYN0202,synthetic,empirical_constrained_simulation_v1
2034-10-01,Hay Point,East Coast India,Coal,Capesize,170000.0,2150.0,658.0,104.4,97.0,37.966,2.8,5.0,2.5,12.327088388482824,13.390200789329668,SYN0202,synthetic,empirical_constrained_simulation_v1
2034-11-01,Hay Point,East Coast India,Coal,Capesize,170000.0,1970.0,646.0,112.6,102.5,31.484,2.1,4.0,2.5,13.390200789329668,13.855923675929365,SYN0202,synthetic,empirical_constrained_simulation_v1
2034-12-01,Hay Point,East Coast India,Coal,Capesize,170000.0,1820.0,655.0,135.0,112.8,26.2984,1.6,2.0,0.5,13.855923675929365,15.06615260651541,SYN0202,synthetic,empirical_constrained_simulation_v1
2035-01-01,Hay Point,East Coast India,Coal,Capesize,170000.0,1970.0,646.0,112.6,102.5,31.484,2.1,4.0,2.5,15.06615260651541,15.716829400497124,SYN0202,synthetic,empirical_constrained_simulation_v1
2035-02-01,Hay Point,East Coast India,Coal,Capesize,170000.0,1910.0,650.0,129.8,102.2,31.484,1.9,2.0,1.0,15.716829400497124,16.291222412695713,SYN0202,synthetic,empirical_constrained_simulation_v1
2035-03-01,Hay Point,East Coast India,Coal,Capesize,170000.0,1680.0,645.0,131.5,109.8,27.78,1.7,1.0,0.0,16.291222412695713,20.364028015869643,SYN0202,synthetic,empirical_constrained_simulation_v1
2035-04-01,Hay Point,East Coast India,Coal,Capesize,170000.0,1880.0,648.0,142.1,100.5,31.1136,2.0,4.0,2.5,20.364028015869643,15.273021011902232,SYN0202,synthetic,empirical_constrained_simulation_v1
2035-05-01,Hay Point,East Coast India,Coal,Capesize,170000.0,1460.0,608.0,112.2,99.7,48.152,3.5,2.0,3.5,15.273021011902232,17.49040704857799,SYN0202,synthetic,empirical_constrained_simulation_v1
2035-06-01,Hay Point,East Coast India,Coal,Capesize,170000.0,1910.0,650.0,129.8,102.2,31.484,1.9,2.0,1.0,17.49040704857799,17.156232747902507,SYN0202,synthetic,empirical_constrained_simulation_v1
2035-07-01,Hay Point,East Coast India,Coal,Capesize,170000.0,2080.0,652.0,109.0,92.3,45.9296,3.3,3.0,3.0,17.156232747902507,16.866132549066464,SYN0202,synthetic,empirical_constrained_simulation_v1
2035-08-01,Hay Point,East Coast India,Coal,Capesize,170000.0,1910.0,650.0,129.8,102.2,31.484,1.9,2.0,1.0,16.866132549066464,16.959825087541855,SYN0202,synthetic,empirical_constrained_simulation_v1
2035-09-01,Hay Point,East Coast India,Coal,Capesize,170000.0,1950.0,660.0,142.0,118.9,35.188,2.6,4.0,2.0,16.959825087541855,19.25672741067817,SYN0202,synthetic,empirical_constrained_simulation_v1
2035-10-01,Hay Point,East Coast India,Coal,Capesize,170000.0,1950.0,660.0,142.0,118.9,35.188,2.6,4.0,2.0,19.25672741067817,17.917854186979735,SYN0202,synthetic,empirical_constrained_simulation_v1
2035-11-01,Hay Point,East Coast India,Coal,Capesize,170000.0,1380.0,595.0,118.6,99.6,29.632,1.8,2.0,0.5,17.917854186979735,19.801266514456305,SYN0202,synthetic,empirical_constrained_simulation_v1
2035-12-01,Hay Point,East Coast India,Coal,Capesize,170000.0,1820.0,655.0,135.0,112.8,26.2984,1.6,2.0,0.5,19.801266514456305,19.47285733616075,SYN0202,synthetic,empirical_constrained_simulation_v1
2036-01-01,Hay Point,East Coast India,Coal,Capesize,170000.0,1880.0,648.0,142.1,100.5,31.1136,2.0,4.0,2.5,19.47285733616075,19.1028866283709,SYN0202,synthetic,empirical_constrained_simulation_v1
2036-02-01,Hay Point,East Coast India,Coal,Capesize,170000.0,1560.0,638.0,124.2,124.4,32.410000000000004,2.0,2.0,0.5,19.1028866283709,14.495095319818706,SYN0202,synthetic,empirical_constrained_simulation_v1
2036-03-01,Hay Point,East Coast India,Coal,Capesize,170000.0,1460.0,608.0,112.2,99.7,48.152,3.5,2.0,3.5,14.495095319818706,12.356949446932965,SYN0202,synthetic,empirical_constrained_simulation_v1
2036-04-01,Hay Point,East Coast India,Coal,Capesize,170000.0,1950.0,660.0,142.0,118.9,35.188,2.6,4.0,2.0,12.356949446932965,12.128330253289397,SYN0202,synthetic,empirical_constrained_simulation_v1
2036-05-01,Hay Point,East Coast India,Coal,Capesize,170000.0,1460.0,608.0,112.2,99.7,48.152,3.5,2.0,3.5,12.128330253289397,12.623576638812018,SYN0202,synthetic,empirical_constrained_simulation_v1
2036-06-01,Hay Point,East Coast India,Coal,Capesize,170000.0,1460.0,608.0,112.2,99.7,48.152,3.5,2.0,3.5,12.623576638812018,14.687033935631359,SYN0202,synthetic,empirical_constrained_simulation_v1
2036-07-01,Hay Point,East Coast India,Coal,Capesize,170000.0,1880.0,648.0,142.1,100.5,31.1136,2.0,4.0,2.5,14.687033935631359,14.037031875292225,SYN0202,synthetic,empirical_constrained_simulation_v1
2036-08-01,Hay Point,East Coast India,Coal,Capesize,170000.0,1350.0,605.0,145.8,99.9,46.6704,3.4,2.0,3.0,14.037031875292225,14.040779488122407,SYN0202,synthetic,empirical_constrained_simulation_v1
2036-09-01,Hay Point,East Coast India,Coal,Capesize,170000.0,1380.0,595.0,118.6,99.6,29.632,1.8,2.0,0.5,14.040779488122407,10.530584616091804,SYN0202,synthetic,empirical_constrained_simulation_v1
2036-10-01,Hay Point,East Coast India,Coal,Capesize,170000.0,1380.0,595.0,118.6,99.6,29.632,1.8,2.0,0.5,10.530584616091804,7.969875773748386,SYN0202,synthetic,empirical_constrained_simulation_v1
2036-11-01,Hay Point,East Coast India,Coal,Capesize,170000.0,1420.0,615.0,137.6,106.9,48.152,3.6,2.0,3.5,7.969875773748386,8.17858185584806,SYN0202,synthetic,empirical_constrained_simulation_v1
2036-12-01,Hay Point,East Coast India,Coal,Capesize,170000.0,2080.0,652.0,109.0,92.3,45.9296,3.3,3.0,3.0,8.17858185584806,9.273008211659938,SYN0202,synthetic,empirical_constrained_simulation_v1
2037-01-01,Hay Point,East Coast India,Coal,Capesize,170000.0,1950.0,660.0,142.0,118.9,35.188,2.6,4.0,2.0,9.273008211659938,9.944846409965244,SYN0202,synthetic,empirical_constrained_simulation_v1
2037-02-01,Hay Point,East Coast India,Coal,Capesize,170000.0,1950.0,660.0,142.0,118.9,35.188,2.6,4.0,2.0,9.944846409965244,10.618124299113063,SYN0202,synthetic,empirical_constrained_simulation_v1
2037-03-01,Hay Point,East Coast India,Coal,Capesize,170000.0,1740.0,630.0,146.6,101.4,32.410000000000004,2.2,5.0,3.5,10.618124299113063,10.400449686400231,SYN0202,synthetic,empirical_constrained_simulation_v1
2037-04-01,Hay Point,East Coast India,Coal,Capesize,170000.0,1890.0,642.0,135.1,107.5,43.522000000000006,3.1,3.0,2.5,10.400449686400231,10.481356148471113,SYN0202,synthetic,empirical_constrained_simulation_v1
2037-05-01,Hay Point,East Coast India,Coal,Capesize,170000.0,1880.0,648.0,142.1,100.5,31.1136,2.0,4.0,2.5,10.481356148471113,11.567108995464071,SYN0202,synthetic,empirical_constrained_simulation_v1
2037-06-01,Hay Point,East Coast India,Coal,Capesize,170000.0,1500.0,614.0,106.3,103.3,39.818000000000005,2.8,3.0,2.0,11.567108995464071,10.088010877813053,SYN0202,synthetic,empirical_constrained_simulation_v1
2037-07-01,Hay Point,East Coast India,Coal,Capesize,170000.0,1500.0,614.0,106.3,103.3,39.818000000000005,2.8,3.0,2.0,10.088010877813053,7.7625618139781345,SYN0202,synthetic,empirical_constrained_simulation_v1
2037-08-01,Hay Point,East Coast India,Coal,Capesize,170000.0,1420.0,615.0,137.6,106.9,48.152,3.6,2.0,3.5,7.7625618139781345,6.8183916074481035,SYN0202,synthetic,empirical_constrained_simulation_v1
2037-09-01,Hay Point,East Coast India,Coal,Capesize,170000.0,1390.0,610.0,139.2,92.8,38.52160000000001,2.7,3.0,2.0,6.8183916074481035,6.405601132866463,SYN0202,synthetic,empirical_constrained_simulation_v1
2037-10-01,Hay Point,East Coast India,Coal,Capesize,170000.0,1310.0,588.0,106.9,105.1,31.1136,1.9,2.0,0.5,6.405601132866463,6.8563873895054,SYN0202,synthetic,empirical_constrained_simulation_v1
2037-11-01,Hay Point,East Coast India,Coal,Capesize,170000.0,1460.0,608.0,112.2,99.7,48.152,3.5,2.0,3.5,6.8563873895054,6.878376633379562,SYN0202,synthetic,empirical_constrained_simulation_v1
2037-12-01,Hay Point,East Coast India,Coal,Capesize,170000.0,1680.0,645.0,131.5,109.8,27.78,1.7,1.0,0.0,6.878376633379562,8.597970791724453,SYN0202,synthetic,empirical_constrained_simulation_v1
2038-01-01,Hay Point,East Coast India,Coal,Capesize,170000.0,1980.0,640.0,98.6,97.2,27.78,1.7,2.0,0.5,8.597970791724453,7.591566995896201,SYN0202,synthetic,empirical_constrained_simulation_v1
2038-02-01,Hay Point,East Coast India,Coal,Capesize,170000.0,1350.0,605.0,145.8,99.9,46.6704,3.4,2.0,3.0,7.591566995896201,6.737225062682576,SYN0202,synthetic,empirical_constrained_simulation_v1
2038-03-01,Hay Point,East Coast India,Coal,Capesize,170000.0,2080.0,652.0,109.0,92.3,45.9296,3.3,3.0,3.0,6.737225062682576,6.586753648227134,SYN0202,synthetic,empirical_constrained_simulation_v1
2038-04-01,Hay Point,East Coast India,Coal,Capesize,170000.0,1310.0,588.0,106.9,105.1,31.1136,1.9,2.0,0.5,6.586753648227134,6.677220794368088,SYN0202,synthetic,empirical_constrained_simulation_v1
2046-10-01,Hay Point,East Coast India,Coal,Capesize,170000.0,1350.0,605.0,145.8,99.9,46.6704,3.4,2.0,3.0,17.2,15.212716316940863,SYN0205,synthetic,empirical_constrained_simulation_v1
2046-11-01,Hay Point,East Coast India,Coal,Capesize,170000.0,1910.0,650.0,129.8,102.2,31.484,1.9,2.0,1.0,15.212716316940863,11.409537237705647,SYN0205,synthetic,empirical_constrained_simulation_v1
2046-12-01,Hay Point,East Coast India,Coal,Capesize,170000.0,1380.0,595.0,118.6,99.6,29.632,1.8,2.0,0.5,11.409537237705647,10.950287935452439,SYN0205,synthetic,empirical_constrained_simulation_v1
2047-01-01,Hay Point,East Coast India,Coal,Capesize,170000.0,1350.0,605.0,145.8,99.9,46.6704,3.4,2.0,3.0,10.950287935452439,10.667961482415038,SYN0205,synthetic,empirical_constrained_simulation_v1
2047-02-01,Hay Point,East Coast India,Coal,Capesize,170000.0,1950.0,660.0,142.0,118.9,35.188,2.6,4.0,2.0,10.667961482415038,9.980865115625189,SYN0205,synthetic,empirical_constrained_simulation_v1
2047-03-01,Hay Point,East Coast India,Coal,Capesize,170000.0,1310.0,588.0,106.9,105.1,31.1136,1.9,2.0,0.5,9.980865115625189,8.733112866459766,SYN0205,synthetic,empirical_constrained_simulation_v1
2047-04-01,Hay Point,East Coast India,Coal,Capesize,170000.0,1420.0,615.0,137.6,106.9,48.152,3.6,2.0,3.5,8.733112866459766,10.421619668298439,SYN0205,synthetic,empirical_constrained_simulation_v1
2047-05-01,Hay Point,East Coast India,Coal,Capesize,170000.0,1950.0,660.0,142.0,118.9,35.188,2.6,4.0,2.0,10.421619668298439,11.786559158771821,SYN0205,synthetic,empirical_constrained_simulation_v1
2047-06-01,Hay Point,East Coast India,Coal,Capesize,170000.0,1460.0,608.0,112.2,99.7,48.152,3.5,2.0,3.5,11.786559158771821,11.635281785392698,SYN0205,synthetic,empirical_constrained_simulation_v1
2047-07-01,Hay Point,East Coast India,Coal,Capesize,170000.0,1460.0,608.0,112.2,99.7,48.152,3.5,2.0,3.5,11.635281785392698,10.481656311196184,SYN0205,synthetic,empirical_constrained_simulation_v1
2047-08-01,Hay Point,East Coast India,Coal,Capesize,170000.0,1980.0,640.0,98.6,97.2,27.78,1.7,2.0,0.5,10.481656311196184,11.675576154377326,SYN0205,synthetic,empirical_constrained_simulation_v1
2047-09-01,Hay Point,East Coast India,Coal,Capesize,170000.0,1820.0,655.0,135.0,112.8,26.2984,1.6,2.0,0.5,11.675576154377326,11.271871492214961,SYN0205,synthetic,empirical_constrained_simulation_v1
2047-10-01,Hay Point,East Coast India,Coal,Capesize,170000.0,1390.0,610.0,139.2,92.8,38.52160000000001,2.7,3.0,2.0,11.271871492214961,11.822551608761914,SYN0205,synthetic,empirical_constrained_simulation_v1
2047-11-01,Hay Point,East Coast India,Coal,Capesize,170000.0,1950.0,660.0,142.0,118.9,35.188,2.6,4.0,2.0,11.822551608761914,12.364447003807406,SYN0205,synthetic,empirical_constrained_simulation_v1
2047-12-01,Hay Point,East Coast India,Coal,Capesize,170000.0,1740.0,630.0,146.6,101.4,32.410000000000004,2.2,5.0,3.5,12.364447003807406,15.455558754759258,SYN0205,synthetic,empirical_constrained_simulation_v1
2048-01-01,Hay Point,East Coast India,Coal,Capesize,170000.0,2150.0,658.0,104.4,97.0,37.966,2.8,5.0,2.5,15.455558754759258,13.921032558504887,SYN0205,synthetic,empirical_constrained_simulation_v1
2048-02-01,Hay Point,East Coast India,Coal,Capesize,170000.0,1380.0,595.0,118.6,99.6,29.632,1.8,2.0,0.5,13.921032558504887,17.40129069813111,SYN0205,synthetic,empirical_constrained_simulation_v1
2048-03-01,Hay Point,East Coast India,Coal,Capesize,170000.0,2150.0,658.0,104.4,97.0,37.966,2.8,5.0,2.5,17.40129069813111,16.688833921581733,SYN0205,synthetic,empirical_constrained_simulation_v1
2048-04-01,Hay Point,East Coast India,Coal,Capesize,170000.0,1890.0,642.0,135.1,107.5,43.522000000000006,3.1,3.0,2.5,16.688833921581733,18.06325790562972,SYN0205,synthetic,empirical_constrained_simulation_v1
2048-05-01,Hay Point,East Coast India,Coal,Capesize,170000.0,1910.0,650.0,129.8,102.2,31.484,1.9,2.0,1.0,18.06325790562972,18.098855655791287,SYN0205,synthetic,empirical_constrained_simulation_v1
2048-06-01,Hay Point,East Coast India,Coal,Capesize,170000.0,1360.0,592.0,104.0,100.1,26.854000000000003,1.6,1.0,0.0,18.098855655791287,22.134497655333853,SYN0205,synthetic,empirical_constrained_simulation_v1
2048-07-01,Hay Point,East Coast India,Coal,Capesize,170000.0,1740.0,630.0,146.6,101.4,32.410000000000004,2.2,5.0,3.5,22.134497655333853,26.22128901708202,SYN0205,synthetic,empirical_constrained_simulation_v1
2048-08-01,Hay Point,East Coast India,Coal,Capesize,170000.0,1910.0,650.0,129.8,102.2,31.484,1.9,2.0,1.0,26.22128901708202,24.540519013105605,SYN0205,synthetic,empirical_constrained_simulation_v1
2048-09-01,Hay Point,East Coast India,Coal,Capesize,170000.0,1890.0,642.0,135.1,107.5,43.522000000000006,3.1,3.0,2.5,24.540519013105605,25.39113357450299,SYN0205,synthetic,empirical_constrained_simulation_v1
2048-10-01,Hay Point,East Coast India,Coal,Capesize,170000.0,1890.0,642.0,135.1,107.5,43.522000000000006,3.1,3.0,2.5,25.39113357450299,21.934322608606145,SYN0205,synthetic,empirical_constrained_simulation_v1
2048-11-01,Hay Point,East Coast India,Coal,Capesize,170000.0,1540.0,620.0,112.9,97.3,50.93,3.8,2.0,4.0,21.934322608606145,21.014362864856245,SYN0205,synthetic,empirical_constrained_simulation_v1
2048-12-01,Hay Point,East Coast India,Coal,Capesize,170000.0,2080.0,652.0,109.0,92.3,45.9296,3.3,3.0,3.0,21.014362864856245,15.760772148642184,SYN0205,synthetic,empirical_constrained_simulation_v1
2049-01-01,Hay Point,East Coast India,Coal,Capesize,170000.0,1460.0,608.0,112.2,99.7,48.152,3.5,2.0,3.5,15.760772148642184,15.668276364246898,SYN0205,synthetic,empirical_constrained_simulation_v1
2049-02-01,Hay Point,East Coast India,Coal,Capesize,170000.0,1380.0,595.0,118.6,99.6,29.632,1.8,2.0,0.5,15.668276364246898,15.363447976914824,SYN0205,synthetic,empirical_constrained_simulation_v1
2049-03-01,Hay Point,East Coast India,Coal,Capesize,170000.0,1850.0,635.0,107.5,103.5,33.7064,2.3,5.0,4.0,15.363447976914824,17.352379951965734,SYN0205,synthetic,empirical_constrained_simulation_v1
2049-04-01,Hay Point,East Coast India,Coal,Capesize,170000.0,1950.0,660.0,142.0,118.9,35.188,2.6,4.0,2.0,17.352379951965734,21.061716053738095,SYN0205,synthetic,empirical_constrained_simulation_v1
2049-05-01,Hay Point,East Coast India,Coal,Capesize,170000.0,1850.0,635.0,107.5,103.5,33.7064,2.3,5.0,4.0,21.061716053738095,22.722095776625245,SYN0205,synthetic,empirical_constrained_simulation_v1
2049-06-01,Hay Point,East Coast India,Coal,Capesize,170000.0,2080.0,652.0,109.0,92.3,45.9296,3.3,3.0,3.0,22.722095776625245,22.677819786368335,SYN0205,synthetic,empirical_constrained_simulation_v1
2049-07-01,Hay Point,East Coast India,Coal,Capesize,170000.0,2080.0,652.0,109.0,92.3,45.9296,3.3,3.0,3.0,22.677819786368335,25.672901863949026,SYN0205,synthetic,empirical_constrained_simulation_v1
2049-08-01,Hay Point,East Coast India,Coal,Capesize,170000.0,1360.0,592.0,104.0,100.1,26.854000000000003,1.6,1.0,0.0,25.672901863949026,19.25467639796177,SYN0205,synthetic,empirical_constrained_simulation_v1
2049-09-01,Hay Point,East Coast India,Coal,Capesize,170000.0,1380.0,595.0,118.6,99.6,29.632,1.8,2.0,0.5,19.25467639796177,20.395547185040048,SYN0205,synthetic,empirical_constrained_simulation_v1
2049-10-01,Hay Point,East Coast India,Coal,Capesize,170000.0,2080.0,652.0,109.0,92.3,45.9296,3.3,3.0,3.0,20.395547185040048,19.82862265710537,SYN0205,synthetic,empirical_constrained_simulation_v1
2049-11-01,Hay Point,East Coast India,Coal,Capesize,170000.0,2150.0,658.0,104.4,97.0,37.966,2.8,5.0,2.5,19.82862265710537,20.26125670785829,SYN0205,synthetic,empirical_constrained_simulation_v1
2049-12-01,Hay Point,East Coast India,Coal,Capesize,170000.0,1500.0,614.0,106.3,103.3,39.818000000000005,2.8,3.0,2.0,20.26125670785829,16.237629308721253,SYN0205,synthetic,empirical_constrained_simulation_v1
2050-01-01,Hay Point,East Coast India,Coal,Capesize,170000.0,1420.0,615.0,137.6,106.9,48.152,3.6,2.0,3.5,16.237629308721253,20.297036635901566,SYN0205,synthetic,empirical_constrained_simulation_v1
2050-02-01,Hay Point,East Coast India,Coal,Capesize,170000.0,1740.0,630.0,146.6,101.4,32.410000000000004,2.2,5.0,3.5,20.297036635901566,15.43525851496012,SYN0205,synthetic,empirical_constrained_simulation_v1
2050-03-01,Hay Point,East Coast India,Coal,Capesize,170000.0,1540.0,620.0,112.9,97.3,50.93,3.8,2.0,4.0,15.43525851496012,16.295337797983972,SYN0205,synthetic,empirical_constrained_simulation_v1
2050-04-01,Hay Point,East Coast India,Coal,Capesize,170000.0,2080.0,652.0,109.0,92.3,45.9296,3.3,3.0,3.0,16.295337797983972,20.369172247479966,SYN0205,synthetic,empirical_constrained_simulation_v1
2050-05-01,Hay Point,East Coast India,Coal,Capesize,170000.0,1980.0,640.0,98.6,97.2,27.78,1.7,2.0,0.5,20.369172247479966,21.204863165237334,SYN0205,synthetic,empirical_constrained_simulation_v1
2050-06-01,Hay Point,East Coast India,Coal,Capesize,170000.0,1820.0,655.0,135.0,112.8,26.2984,1.6,2.0,0.5,21.204863165237334,15.903647373928,SYN0205,synthetic,empirical_constrained_simulation_v1
2050-07-01,Hay Point,East Coast India,Coal,Capesize,170000.0,1310.0,588.0,106.9,105.1,31.1136,1.9,2.0,0.5,15.903647373928,17.161966088902624,SYN0205,synthetic,empirical_constrained_simulation_v1
2050-08-01,Hay Point,East Coast India,Coal,Capesize,170000.0,1390.0,610.0,139.2,92.8,38.52160000000001,2.7,3.0,2.0,17.161966088902624,14.433744670905286,SYN0205,synthetic,empirical_constrained_simulation_v1
2050-09-01,Hay Point,East Coast India,Coal,Capesize,170000.0,1740.0,630.0,146.6,101.4,32.410000000000004,2.2,5.0,3.5,14.433744670905286,11.310020047713584,SYN0205,synthetic,empirical_constrained_simulation_v1
2050-10-01,Hay Point,East Coast India,Coal,Capesize,170000.0,1420.0,615.0,137.6,106.9,48.152,3.6,2.0,3.5,11.310020047713584,10.05830152171515,SYN0205,synthetic,empirical_constrained_simulation_v1
2071-10-01,Hay Point,East Coast India,Coal,Capesize,170000.0,1390.0,610.0,139.2,92.8,38.52160000000001,2.7,3.0,2.0,17.9,16.103647592572397,SYN0211,synthetic,empirical_constrained_simulation_v1
2071-11-01,Hay Point,East Coast India,Coal,Capesize,170000.0,1390.0,610.0,139.2,92.8,38.52160000000001,2.7,3.0,2.0,16.103647592572397,19.06058537322682,SYN0211,synthetic,empirical_constrained_simulation_v1
2071-12-01,Hay Point,East Coast India,Coal,Capesize,170000.0,1880.0,648.0,142.1,100.5,31.1136,2.0,4.0,2.5,19.06058537322682,19.289305055517975,SYN0211,synthetic,empirical_constrained_simulation_v1
2072-01-01,Hay Point,East Coast India,Coal,Capesize,170000.0,1390.0,610.0,139.2,92.8,38.52160000000001,2.7,3.0,2.0,19.289305055517975,15.694010830739607,SYN0211,synthetic,empirical_constrained_simulation_v1
2072-02-01,Hay Point,East Coast India,Coal,Capesize,170000.0,1540.0,620.0,112.9,97.3,50.93,3.8,2.0,4.0,15.694010830739607,11.770508123054706,SYN0211,synthetic,empirical_constrained_simulation_v1
2072-03-01,Hay Point,East Coast India,Coal,Capesize,170000.0,1460.0,608.0,112.2,99.7,48.152,3.5,2.0,3.5,11.770508123054706,11.580192488784565,SYN0211,synthetic,empirical_constrained_simulation_v1
2072-04-01,Hay Point,East Coast India,Coal,Capesize,170000.0,1890.0,642.0,135.1,107.5,43.522000000000006,3.1,3.0,2.5,11.580192488784565,10.923552863673416,SYN0211,synthetic,empirical_constrained_simulation_v1
2072-05-01,Hay Point,East Coast India,Coal,Capesize,170000.0,2080.0,652.0,109.0,92.3,45.9296,3.3,3.0,3.0,10.923552863673416,10.979615801044545,SYN0211,synthetic,empirical_constrained_simulation_v1
2072-06-01,Hay Point,East Coast India,Coal,Capesize,170000.0,2080.0,652.0,109.0,92.3,45.9296,3.3,3.0,3.0,10.979615801044545,11.158496494141227,SYN0211,synthetic,empirical_constrained_simulation_v1
2072-07-01,Hay Point,East Coast India,Coal,Capesize,170000.0,1460.0,608.0,112.2,99.7,48.152,3.5,2.0,3.5,11.158496494141227,13.948120617676533,SYN0211,synthetic,empirical_constrained_simulation_v1
2072-08-01,Hay Point,East Coast India,Coal,Capesize,170000.0,1970.0,646.0,112.6,102.5,31.484,2.1,4.0,2.5,13.948120617676533,14.662527126642956,SYN0211,synthetic,empirical_constrained_simulation_v1
2072-09-01,Hay Point,East Coast India,Coal,Capesize,170000.0,1500.0,614.0,106.3,103.3,39.818000000000005,2.8,3.0,2.0,14.662527126642956,14.115155801474177,SYN0211,synthetic,empirical_constrained_simulation_v1
2072-10-01,Hay Point,East Coast India,Coal,Capesize,170000.0,1380.0,595.0,118.6,99.6,29.632,1.8,2.0,0.5,14.115155801474177,14.355056415564798,SYN0211,synthetic,empirical_constrained_simulation_v1
2072-11-01,Hay Point,East Coast India,Coal,Capesize,170000.0,1970.0,646.0,112.6,102.5,31.484,2.1,4.0,2.5,14.355056415564798,17.943820519455997,SYN0211,synthetic,empirical_constrained_simulation_v1
2072-12-01,Hay Point,East Coast India,Coal,Capesize,170000.0,1880.0,648.0,142.1,100.5,31.1136,2.0,4.0,2.5,17.943820519455997,15.582733233471139,SYN0211,synthetic,empirical_constrained_simulation_v1
2073-01-01,Hay Point,East Coast India,Coal,Capesize,170000.0,1310.0,588.0,106.9,105.1,31.1136,1.9,2.0,0.5,15.582733233471139,15.479506075871221,SYN0211,synthetic,empirical_constrained_simulation_v1
2073-02-01,Hay Point,East Coast India,Coal,Capesize,170000.0,1820.0,655.0,135.0,112.8,26.2984,1.6,2.0,0.5,15.479506075871221,19.263366592722775,SYN0211,synthetic,empirical_constrained_simulation_v1
2073-03-01,Hay Point,East Coast India,Coal,Capesize,170000.0,1950.0,660.0,142.0,118.9,35.188,2.6,4.0,2.0,19.263366592722775,14.447524944542081,SYN0211,synthetic,empirical_constrained_simulation_v1
2073-04-01,Hay Point,East Coast India,Coal,Capesize,170000.0,1380.0,595.0,118.6,99.6,29.632,1.8,2.0,0.5,14.447524944542081,15.116900346895338,SYN0211,synthetic,empirical_constrained_simulation_v1
2073-05-01,Hay Point,East Coast India,Coal,Capesize,170000.0,1950.0,660.0,142.0,118.9,35.188,2.6,4.0,2.0,15.116900346895338,17.35259381484047,SYN0211,synthetic,empirical_constrained_simulation_v1
2073-06-01,Hay Point,East Coast India,Coal,Capesize,170000.0,1820.0,655.0,135.0,112.8,26.2984,1.6,2.0,0.5,17.35259381484047,16.546788337319086,SYN0211,synthetic,empirical_constrained_simulation_v1
2073-07-01,Hay Point,East Coast India,Coal,Capesize,170000.0,1540.0,620.0,112.9,97.3,50.93,3.8,2.0,4.0,16.546788337319086,16.558889879247417,SYN0211,synthetic,empirical_constrained_simulation_v1
2073-08-01,Hay Point,East Coast India,Coal,Capesize,170000.0,1310.0,588.0,106.9,105.1,31.1136,1.9,2.0,0.5,16.558889879247417,15.268885467976865,SYN0211,synthetic,empirical_constrained_simulation_v1
2073-09-01,Hay Point,East Coast India,Coal,Capesize,170000.0,2080.0,652.0,109.0,92.3,45.9296,3.3,3.0,3.0,15.268885467976865,15.938757767240295,SYN0211,synthetic,empirical_constrained_simulation_v1
2073-10-01,Hay Point,East Coast India,Coal,Capesize,170000.0,1970.0,646.0,112.6,102.5,31.484,2.1,4.0,2.5,15.938757767240295,14.288957558775095,SYN0211,synthetic,empirical_constrained_simulation_v1
2073-11-01,Hay Point,East Coast India,Coal,Capesize,170000.0,2150.0,658.0,104.4,97.0,37.966,2.8,5.0,2.5,14.288957558775095,11.945616424095634,SYN0211,synthetic,empirical_constrained_simulation_v1
2073-12-01,Hay Point,East Coast India,Coal,Capesize,170000.0,1890.0,642.0,135.1,107.5,43.522000000000006,3.1,3.0,2.5,11.945616424095634,11.543976978025194,SYN0211,synthetic,empirical_constrained_simulation_v1
2074-01-01,Hay Point,East Coast India,Coal,Capesize,170000.0,1460.0,608.0,112.2,99.7,48.152,3.5,2.0,3.5,11.543976978025194,13.318303216822803,SYN0211,synthetic,empirical_constrained_simulation_v1
2074-02-01,Hay Point,East Coast India,Coal,Capesize,170000.0,1850.0,635.0,107.5,103.5,33.7064,2.3,5.0,4.0,13.318303216822803,13.258076546916342,SYN0211,synthetic,empirical_constrained_simulation_v1
2074-03-01,Hay Point,East Coast India,Coal,Capesize,170000.0,2080.0,652.0,109.0,92.3,45.9296,3.3,3.0,3.0,13.258076546916342,13.945107196216169,SYN0211,synthetic,empirical_constrained_simulation_v1
2074-04-01,Hay Point,East Coast India,Coal,Capesize,170000.0,1740.0,630.0,146.6,101.4,32.410000000000004,2.2,5.0,3.5,13.945107196216169,14.610828843462624,SYN0211,synthetic,empirical_constrained_simulation_v1
2074-05-01,Hay Point,East Coast India,Coal,Capesize,170000.0,2080.0,652.0,109.0,92.3,45.9296,3.3,3.0,3.0,14.610828843462624,10.958121632596967,SYN0211,synthetic,empirical_constrained_simulation_v1
2074-06-01,Hay Point,East Coast India,Coal,Capesize,170000.0,1310.0,588.0,106.9,105.1,31.1136,1.9,2.0,0.5,10.958121632596967,8.393163995691054,SYN0211,synthetic,empirical_constrained_simulation_v1
2074-07-01,Hay Point,East Coast India,Coal,Capesize,170000.0,1310.0,588.0,106.9,105.1,31.1136,1.9,2.0,0.5,8.393163995691054,8.217714957336698,SYN0211,synthetic,empirical_constrained_simulation_v1
2074-08-01,Hay Point,East Coast India,Coal,Capesize,170000.0,1390.0,610.0,139.2,92.8,38.52160000000001,2.7,3.0,2.0,8.217714957336698,10.272143696670872,SYN0211,synthetic,empirical_constrained_simulation_v1
2074-09-01,Hay Point,East Coast India,Coal,Capesize,170000.0,2150.0,658.0,104.4,97.0,37.966,2.8,5.0,2.5,10.272143696670872,11.709347266467347,SYN0211,synthetic,empirical_constrained_simulation_v1
2074-10-01,Hay Point,East Coast India,Coal,Capesize,170000.0,1820.0,655.0,135.0,112.8,26.2984,1.6,2.0,0.5,11.709347266467347,11.12156556116119,SYN0211,synthetic,empirical_constrained_simulation_v1
2074-11-01,Hay Point,East Coast India,Coal,Capesize,170000.0,1680.0,645.0,131.5,109.8,27.78,1.7,1.0,0.0,11.12156556116119,10.423815599884966,SYN0211,synthetic,empirical_constrained_simulation_v1
2074-12-01,Hay Point,East Coast India,Coal,Capesize,170000.0,2080.0,652.0,109.0,92.3,45.9296,3.3,3.0,3.0,10.423815599884966,12.518545543279638,SYN0211,synthetic,empirical_constrained_simulation_v1
2075-01-01,Hay Point,East Coast India,Coal,Capesize,170000.0,1310.0,588.0,106.9,105.1,31.1136,1.9,2.0,0.5,12.518545543279638,12.565898049483101,SYN0211,synthetic,empirical_constrained_simulation_v1
2075-02-01,Hay Point,East Coast India,Coal,Capesize,170000.0,1980.0,640.0,98.6,97.2,27.78,1.7,2.0,0.5,12.565898049483101,11.934002559428103,SYN0211,synthetic,empirical_constrained_simulation_v1
2075-03-01,Hay Point,East Coast India,Coal,Capesize,170000.0,1390.0,610.0,139.2,92.8,38.52160000000001,2.7,3.0,2.0,11.934002559428103,8.950501919571078,SYN0211,synthetic,empirical_constrained_simulation_v1
2075-04-01,Hay Point,East Coast India,Coal,Capesize,170000.0,1350.0,605.0,145.8,99.9,46.6704,3.4,2.0,3.0,8.950501919571078,8.691685991862846,SYN0211,synthetic,empirical_constrained_simulation_v1
2075-05-01,Hay Point,East Coast India,Coal,Capesize,170000.0,1880.0,648.0,142.1,100.5,31.1136,2.0,4.0,2.5,8.691685991862846,6.712381584850069,SYN0211,synthetic,empirical_constrained_simulation_v1
2075-06-01,Hay Point,East Coast India,Coal,Capesize,170000.0,1380.0,595.0,118.6,99.6,29.632,1.8,2.0,0.5,6.712381584850069,6.906370607292328,SYN0211,synthetic,empirical_constrained_simulation_v1
2075-07-01,Hay Point,East Coast India,Coal,Capesize,170000.0,1950.0,660.0,142.0,118.9,35.188,2.6,4.0,2.0,6.906370607292328,6.0725154081341906,SYN0211,synthetic,empirical_constrained_simulation_v1
2075-08-01,Hay Point,East Coast India,Coal,Capesize,170000.0,1540.0,620.0,112.9,97.3,50.93,3.8,2.0,4.0,6.0725154081341906,6.299155737602218,SYN0211,synthetic,empirical_constrained_simulation_v1
2075-09-01,Hay Point,East Coast India,Coal,Capesize,170000.0,1390.0,610.0,139.2,92.8,38.52160000000001,2.7,3.0,2.0,6.299155737602218,6.147580938976521,SYN0211,synthetic,empirical_constrained_simulation_v1
2075-10-01,Hay Point,East Coast India,Coal,Capesize,170000.0,1360.0,592.0,104.0,100.1,26.854000000000003,1.6,1.0,0.0,6.147580938976521,5.292514455982305,SYN0211,synthetic,empirical_constrained_simulation_v1
2075-12-01,Hay Point,East Coast India,Coal,Capesize,170000.0,1350.0,605.0,145.8,99.9,46.6704,3.4,2.0,3.0,15.8,17.322292569972543,SYN0212,synthetic,empirical_constrained_simulation_v1
2076-01-01,Hay Point,East Coast India,Coal,Capesize,170000.0,1820.0,655.0,135.0,112.8,26.2984,1.6,2.0,0.5,17.322292569972543,17.280294204867722,SYN0212,synthetic,empirical_constrained_simulation_v1
2076-02-01,Hay Point,East Coast India,Coal,Capesize,170000.0,1890.0,642.0,135.1,107.5,43.522000000000006,3.1,3.0,2.5,17.280294204867722,15.918974867466558,SYN0212,synthetic,empirical_constrained_simulation_v1
2076-03-01,Hay Point,East Coast India,Coal,Capesize,170000.0,1880.0,648.0,142.1,100.5,31.1136,2.0,4.0,2.5,15.918974867466558,16.896856607997965,SYN0212,synthetic,empirical_constrained_simulation_v1
2076-04-01,Hay Point,East Coast India,Coal,Capesize,170000.0,1390.0,610.0,139.2,92.8,38.52160000000001,2.7,3.0,2.0,16.896856607997965,16.012171729125722,SYN0212,synthetic,empirical_constrained_simulation_v1
2076-05-01,Hay Point,East Coast India,Coal,Capesize,170000.0,1680.0,645.0,131.5,109.8,27.78,1.7,1.0,0.0,16.012171729125722,17.163498464791964,SYN0212,synthetic,empirical_constrained_simulation_v1
2076-06-01,Hay Point,East Coast India,Coal,Capesize,170000.0,2080.0,652.0,109.0,92.3,45.9296,3.3,3.0,3.0,17.163498464791964,20.28218504185784,SYN0212,synthetic,empirical_constrained_simulation_v1
2076-07-01,Hay Point,East Coast India,Coal,Capesize,170000.0,1850.0,635.0,107.5,103.5,33.7064,2.3,5.0,4.0,20.28218504185784,15.211638781393379,SYN0212,synthetic,empirical_constrained_simulation_v1
2076-08-01,Hay Point,East Coast India,Coal,Capesize,170000.0,1310.0,588.0,106.9,105.1,31.1136,1.9,2.0,0.5,15.211638781393379,15.420359979073586,SYN0212,synthetic,empirical_constrained_simulation_v1
2076-09-01,Hay Point,East Coast India,Coal,Capesize,170000.0,1540.0,620.0,112.9,97.3,50.93,3.8,2.0,4.0,15.420359979073586,11.95060358534682,SYN0212,synthetic,empirical_constrained_simulation_v1
2076-10-01,Hay Point,East Coast India,Coal,Capesize,170000.0,1460.0,608.0,112.2,99.7,48.152,3.5,2.0,3.5,11.95060358534682,12.030104318946993,SYN0212,synthetic,empirical_constrained_simulation_v1
2076-11-01,Hay Point,East Coast India,Coal,Capesize,170000.0,1880.0,648.0,142.1,100.5,31.1136,2.0,4.0,2.5,12.030104318946993,9.948378615318685,SYN0212,synthetic,empirical_constrained_simulation_v1
2076-12-01,Hay Point,East Coast India,Coal,Capesize,170000.0,1460.0,608.0,112.2,99.7,48.152,3.5,2.0,3.5,9.948378615318685,8.683322554305194,SYN0212,synthetic,empirical_constrained_simulation_v1
2077-01-01,Hay Point,East Coast India,Coal,Capesize,170000.0,1850.0,635.0,107.5,103.5,33.7064,2.3,5.0,4.0,8.683322554305194,10.854153192881492,SYN0212,synthetic,empirical_constrained_simulation_v1
2077-02-01,Hay Point,East Coast India,Coal,Capesize,170000.0,1970.0,646.0,112.6,102.5,31.484,2.1,4.0,2.5,10.854153192881492,10.309263248329577,SYN0212,synthetic,empirical_constrained_simulation_v1
2077-03-01,Hay Point,East Coast India,Coal,Capesize,170000.0,1820.0,655.0,135.0,112.8,26.2984,1.6,2.0,0.5,10.309263248329577,10.106490979591282,SYN0212,synthetic,empirical_constrained_simulation_v1
2077-04-01,Hay Point,East Coast India,Coal,Capesize,170000.0,1560.0,638.0,124.2,124.4,32.410000000000004,2.0,2.0,0.5,10.106490979591282,9.013134814545122,SYN0212,synthetic,empirical_constrained_simulation_v1
2077-05-01,Hay Point,East Coast India,Coal,Capesize,170000.0,1540.0,620.0,112.9,97.3,50.93,3.8,2.0,4.0,9.013134814545122,7.999426974619537,SYN0212,synthetic,empirical_constrained_simulation_v1
2077-06-01,Hay Point,East Coast India,Coal,Capesize,170000.0,1460.0,608.0,112.2,99.7,48.152,3.5,2.0,3.5,7.999426974619537,8.09409757321082,SYN0212,synthetic,empirical_constrained_simulation_v1
2077-07-01,Hay Point,East Coast India,Coal,Capesize,170000.0,1390.0,610.0,139.2,92.8,38.52160000000001,2.7,3.0,2.0,8.09409757321082,9.719195129270899,SYN0212,synthetic,empirical_constrained_simulation_v1
2077-08-01,Hay Point,East Coast India,Coal,Capesize,170000.0,1820.0,655.0,135.0,112.8,26.2984,1.6,2.0,0.5,9.719195129270899,9.598114275117805,SYN0212,synthetic,empirical_constrained_simulation_v1
2077-09-01,Hay Point,East Coast India,Coal,Capesize,170000.0,1350.0,605.0,145.8,99.9,46.6704,3.4,2.0,3.0,9.598114275117805,10.466763990466903,SYN0212,synthetic,empirical_constrained_simulation_v1
2077-10-01,Hay Point,East Coast India,Coal,Capesize,170000.0,1910.0,650.0,129.8,102.2,31.484,1.9,2.0,1.0,10.466763990466903,10.62509774809531,SYN0212,synthetic,empirical_constrained_simulation_v1
2077-11-01,Hay Point,East Coast India,Coal,Capesize,170000.0,1420.0,615.0,137.6,106.9,48.152,3.6,2.0,3.5,10.62509774809531,11.95466570785497,SYN0212,synthetic,empirical_constrained_simulation_v1
2077-12-01,Hay Point,East Coast India,Coal,Capesize,170000.0,1910.0,650.0,129.8,102.2,31.484,1.9,2.0,1.0,11.95466570785497,8.965999280891227,SYN0212,synthetic,empirical_constrained_simulation_v1
2078-01-01,Hay Point,East Coast India,Coal,Capesize,170000.0,1310.0,588.0,106.9,105.1,31.1136,1.9,2.0,0.5,8.965999280891227,8.528051303471717,SYN0212,synthetic,empirical_constrained_simulation_v1
2078-02-01,Hay Point,East Coast India,Coal,Capesize,170000.0,1350.0,605.0,145.8,99.9,46.6704,3.4,2.0,3.0,8.528051303471717,9.851427009410834,SYN0212,synthetic,empirical_constrained_simulation_v1
2078-03-01,Hay Point,East Coast India,Coal,Capesize,170000.0,1950.0,660.0,142.0,118.9,35.188,2.6,4.0,2.0,9.851427009410834,9.821001815183118,SYN0212,synthetic,empirical_constrained_simulation_v1
2078-04-01,Hay Point,East Coast India,Coal,Capesize,170000.0,1310.0,588.0,106.9,105.1,31.1136,1.9,2.0,0.5,9.821001815183118,9.335394422668392,SYN0212,synthetic,empirical_constrained_simulation_v1
2078-05-01,Hay Point,East Coast India,Coal,Capesize,170000.0,1460.0,608.0,112.2,99.7,48.152,3.5,2.0,3.5,9.335394422668392,11.387223549756422,SYN0212,synthetic,empirical_constrained_simulation_v1
2078-06-01,Hay Point,East Coast India,Coal,Capesize,170000.0,1970.0,646.0,112.6,102.5,31.484,2.1,4.0,2.5,11.387223549756422,11.302987387415824,SYN0212,synthetic,empirical_constrained_simulation_v1
2078-07-01,Hay Point,East Coast India,Coal,Capesize,170000.0,1970.0,646.0,112.6,102.5,31.484,2.1,4.0,2.5,11.302987387415824,11.500867315968465,SYN0212,synthetic,empirical_constrained_simulation_v1
2078-08-01,Hay Point,East Coast India,Coal,Capesize,170000.0,1950.0,660.0,142.0,118.9,35.188,2.6,4.0,2.0,11.500867315968465,11.412547806629197,SYN0212,synthetic,empirical_constrained_simulation_v1
2078-09-01,Hay Point,East Coast India,Coal,Capesize,170000.0,1890.0,642.0,135.1,107.5,43.522000000000006,3.1,3.0,2.5,11.412547806629197,11.336327262758992,SYN0212,synthetic,empirical_constrained_simulation_v1
2078-10-01,Hay Point,East Coast India,Coal,Capesize,170000.0,1310.0,588.0,106.9,105.1,31.1136,1.9,2.0,0.5,11.336327262758992,13.49209074435548,SYN0212,synthetic,empirical_constrained_simulation_v1
2078-11-01,Hay Point,East Coast India,Coal,Capesize,170000.0,1850.0,635.0,107.5,103.5,33.7064,2.3,5.0,4.0,13.49209074435548,12.36703740914664,SYN0212,synthetic,empirical_constrained_simulation_v1
2078-12-01,Hay Point,East Coast India,Coal,Capesize,170000.0,1310.0,588.0,106.9,105.1,31.1136,1.9,2.0,0.5,12.36703740914664,11.547149713512889,SYN0212,synthetic,empirical_constrained_simulation_v1
2079-01-01,Hay Point,East Coast India,Coal,Capesize,170000.0,1680.0,645.0,131.5,109.8,27.78,1.7,1.0,0.0,11.547149713512889,11.25124591365204,SYN0212,synthetic,empirical_constrained_simulation_v1
2079-02-01,Hay Point,East Coast India,Coal,Capesize,170000.0,1540.0,620.0,112.9,97.3,50.93,3.8,2.0,4.0,11.25124591365204,8.43843443523903,SYN0212,synthetic,empirical_constrained_simulation_v1
2079-03-01,Hay Point,East Coast India,Coal,Capesize,170000.0,1380.0,595.0,118.6,99.6,29.632,1.8,2.0,0.5,8.43843443523903,7.935931623103842,SYN0212,synthetic,empirical_constrained_simulation_v1
2079-04-01,Hay Point,East Coast India,Coal,Capesize,170000.0,1980.0,640.0,98.6,97.2,27.78,1.7,2.0,0.5,7.935931623103842,9.556290452499857,SYN0212,synthetic,empirical_constrained_simulation_v1
2079-05-01,Hay Point,East Coast India,Coal,Capesize,170000.0,1850.0,635.0,107.5,103.5,33.7064,2.3,5.0,4.0,9.556290452499857,9.779775069559342,SYN0212,synthetic,empirical_constrained_simulation_v1
2079-06-01,Hay Point,East Coast India,Coal,Capesize,170000.0,1890.0,642.0,135.1,107.5,43.522000000000006,3.1,3.0,2.5,9.779775069559342,10.245739632841222,SYN0212,synthetic,empirical_constrained_simulation_v1
2079-07-01,Hay Point,East Coast India,Coal,Capesize,170000.0,1310.0,588.0,106.9,105.1,31.1136,1.9,2.0,0.5,10.245739632841222,9.996432431139054,SYN0212,synthetic,empirical_constrained_simulation_v1
2079-08-01,Hay Point,East Coast India,Coal,Capesize,170000.0,1910.0,650.0,129.8,102.2,31.484,1.9,2.0,1.0,9.996432431139054,11.100982233418867,SYN0212,synthetic,empirical_constrained_simulation_v1
2079-09-01,Hay Point,East Coast India,Coal,Capesize,170000.0,1890.0,642.0,135.1,107.5,43.522000000000006,3.1,3.0,2.5,11.100982233418867,11.573302376728552,SYN0212,synthetic,empirical_constrained_simulation_v1
2079-10-01,Hay Point,East Coast India,Coal,Capesize,170000.0,1910.0,650.0,129.8,102.2,31.484,1.9,2.0,1.0,11.573302376728552,14.46662797091069,SYN0212,synthetic,empirical_constrained_simulation_v1
2079-11-01,Hay Point,East Coast India,Coal,Capesize,170000.0,1950.0,660.0,142.0,118.9,35.188,2.6,4.0,2.0,14.46662797091069,16.441000176437417,SYN0212,synthetic,empirical_constrained_simulation_v1
2079-12-01,Hay Point,East Coast India,Coal,Capesize,170000.0,1850.0,635.0,107.5,103.5,33.7064,2.3,5.0,4.0,16.441000176437417,15.996287070176344,SYN0212,synthetic,empirical_constrained_simulation_v1
2034-04-01,Hay Point,East Coast India,Coal,Panamax,75000.0,1950.0,660.0,142.0,118.9,35.188,2.6,4.0,2.0,19.1,20.19783294718891,SYN0302,synthetic,empirical_constrained_simulation_v1
2034-05-01,Hay Point,East Coast India,Coal,Panamax,75000.0,1740.0,630.0,146.6,101.4,32.410000000000004,2.2,5.0,3.5,20.19783294718891,16.282296185417966,SYN0302,synthetic,empirical_constrained_simulation_v1
2034-06-01,Hay Point,East Coast India,Coal,Panamax,75000.0,1420.0,615.0,137.6,106.9,48.152,3.6,2.0,3.5,16.282296185417966,18.225551512278198,SYN0302,synthetic,empirical_constrained_simulation_v1
2034-07-01,Hay Point,East Coast India,Coal,Panamax,75000.0,1890.0,642.0,135.1,107.5,43.522000000000006,3.1,3.0,2.5,18.225551512278198,15.937411112642165,SYN0302,synthetic,empirical_constrained_simulation_v1
2034-08-01,Hay Point,East Coast India,Coal,Panamax,75000.0,1310.0,588.0,106.9,105.1,31.1136,1.9,2.0,0.5,15.937411112642165,15.738380507704303,SYN0302,synthetic,empirical_constrained_simulation_v1
2034-09-01,Hay Point,East Coast India,Coal,Panamax,75000.0,1360.0,592.0,104.0,100.1,26.854000000000003,1.6,1.0,0.0,15.738380507704303,16.01418668328355,SYN0302,synthetic,empirical_constrained_simulation_v1
2034-10-01,Hay Point,East Coast India,Coal,Panamax,75000.0,1460.0,608.0,112.2,99.7,48.152,3.5,2.0,3.5,16.01418668328355,17.545061901469882,SYN0302,synthetic,empirical_constrained_simulation_v1
2034-11-01,Hay Point,East Coast India,Coal,Panamax,75000.0,1910.0,650.0,129.8,102.2,31.484,1.9,2.0,1.0,17.545061901469882,20.073364200381025,SYN0302,synthetic,empirical_constrained_simulation_v1
2034-12-01,Hay Point,East Coast India,Coal,Panamax,75000.0,1500.0,614.0,106.3,103.3,39.818000000000005,2.8,3.0,2.0,20.073364200381025,17.397011235158317,SYN0302,synthetic,empirical_constrained_simulation_v1
2035-01-01,Hay Point,East Coast India,Coal,Panamax,75000.0,1310.0,588.0,106.9,105.1,31.1136,1.9,2.0,0.5,17.397011235158317,18.653539362648228,SYN0302,synthetic,empirical_constrained_simulation_v1
2035-02-01,Hay Point,East Coast India,Coal,Panamax,75000.0,1950.0,660.0,142.0,118.9,35.188,2.6,4.0,2.0,18.653539362648228,17.798066464080865,SYN0302,synthetic,empirical_constrained_simulation_v1
2035-03-01,Hay Point,East Coast India,Coal,Panamax,75000.0,2080.0,652.0,109.0,92.3,45.9296,3.3,3.0,3.0,17.798066464080865,18.842856931222826,SYN0302,synthetic,empirical_constrained_simulation_v1
2035-04-01,Hay Point,East Coast India,Coal,Panamax,75000.0,2150.0,658.0,104.4,97.0,37.966,2.8,5.0,2.5,18.842856931222826,17.500010632492057,SYN0302,synthetic,empirical_constrained_simulation_v1
2035-05-01,Hay Point,East Coast India,Coal,Panamax,75000.0,1500.0,614.0,106.3,103.3,39.818000000000005,2.8,3.0,2.0,17.500010632492057,17.16104346111874,SYN0302,synthetic,empirical_constrained_simulation_v1
2035-06-01,Hay Point,East Coast India,Coal,Panamax,75000.0,1680.0,645.0,131.5,109.8,27.78,1.7,1.0,0.0,17.16104346111874,18.834768670433924,SYN0302,synthetic,empirical_constrained_simulation_v1
2035-07-01,Hay Point,East Coast India,Coal,Panamax,75000.0,1950.0,660.0,142.0,118.9,35.188,2.6,4.0,2.0,18.834768670433924,14.25236586117951,SYN0302,synthetic,empirical_constrained_simulation_v1
2035-08-01,Hay Point,East Coast India,Coal,Panamax,75000.0,1350.0,605.0,145.8,99.9,46.6704,3.4,2.0,3.0,14.25236586117951,14.842660583214116,SYN0302,synthetic,empirical_constrained_simulation_v1
2035-09-01,Hay Point,East Coast India,Coal,Panamax,75000.0,1910.0,650.0,129.8,102.2,31.484,1.9,2.0,1.0,14.842660583214116,11.73045199539394,SYN0302,synthetic,empirical_constrained_simulation_v1
2035-10-01,Hay Point,East Coast India,Coal,Panamax,75000.0,1380.0,595.0,118.6,99.6,29.632,1.8,2.0,0.5,11.73045199539394,14.499465665405284,SYN0302,synthetic,empirical_constrained_simulation_v1
2035-11-01,Hay Point,East Coast India,Coal,Panamax,75000.0,1970.0,646.0,112.6,102.5,31.484,2.1,4.0,2.5,14.499465665405284,14.065204236529738,SYN0302,synthetic,empirical_constrained_simulation_v1
2035-12-01,Hay Point,East Coast India,Coal,Panamax,75000.0,1460.0,608.0,112.2,99.7,48.152,3.5,2.0,3.5,14.065204236529738,14.11498853956545,SYN0302,synthetic,empirical_constrained_simulation_v1
2036-01-01,Hay Point,East Coast India,Coal,Panamax,75000.0,1910.0,650.0,129.8,102.2,31.484,1.9,2.0,1.0,14.11498853956545,14.442167573515624,SYN0302,synthetic,empirical_constrained_simulation_v1
2036-02-01,Hay Point,East Coast India,Coal,Panamax,75000.0,1980.0,640.0,98.6,97.2,27.78,1.7,2.0,0.5,14.442167573515624,14.625898557387295,SYN0302,synthetic,empirical_constrained_simulation_v1
2036-03-01,Hay Point,East Coast India,Coal,Panamax,75000.0,1390.0,610.0,139.2,92.8,38.52160000000001,2.7,3.0,2.0,14.625898557387295,14.375660531768718,SYN0302,synthetic,empirical_constrained_simulation_v1
2036-04-01,Hay Point,East Coast India,Coal,Panamax,75000.0,1740.0,630.0,146.6,101.4,32.410000000000004,2.2,5.0,3.5,14.375660531768718,15.519752938498124,SYN0302,synthetic,empirical_constrained_simulation_v1
2036-05-01,Hay Point,East Coast India,Coal,Panamax,75000.0,1910.0,650.0,129.8,102.2,31.484,1.9,2.0,1.0,15.519752938498124,18.656040992141218,SYN0302,synthetic,empirical_constrained_simulation_v1
2036-06-01,Hay Point,East Coast India,Coal,Panamax,75000.0,1740.0,630.0,146.6,101.4,32.410000000000004,2.2,5.0,3.5,18.656040992141218,23.32005124017652,SYN0302,synthetic,empirical_constrained_simulation_v1
2036-07-01,Hay Point,East Coast India,Coal,Panamax,75000.0,1880.0,648.0,142.1,100.5,31.1136,2.0,4.0,2.5,23.32005124017652,24.933800489505316,SYN0302,synthetic,empirical_constrained_simulation_v1
2036-08-01,Hay Point,East Coast India,Coal,Panamax,75000.0,1500.0,614.0,106.3,103.3,39.818000000000005,2.8,3.0,2.0,24.933800489505316,27.57764751810813,SYN0302,synthetic,empirical_constrained_simulation_v1
2036-09-01,Hay Point,East Coast India,Coal,Panamax,75000.0,1950.0,660.0,142.0,118.9,35.188,2.6,4.0,2.0,27.57764751810813,20.683235638581095,SYN0302,synthetic,empirical_constrained_simulation_v1
2036-10-01,Hay Point,East Coast India,Coal,Panamax,75000.0,1460.0,608.0,112.2,99.7,48.152,3.5,2.0,3.5,20.683235638581095,20.108918697155023,SYN0302,synthetic,empirical_constrained_simulation_v1
2036-11-01,Hay Point,East Coast India,Coal,Panamax,75000.0,1890.0,642.0,135.1,107.5,43.522000000000006,3.1,3.0,2.5,20.108918697155023,20.21664022990905,SYN0302,synthetic,empirical_constrained_simulation_v1
2036-12-01,Hay Point,East Coast India,Coal,Panamax,75000.0,1680.0,645.0,131.5,109.8,27.78,1.7,1.0,0.0,20.21664022990905,21.28416409050848,SYN0302,synthetic,empirical_constrained_simulation_v1
2037-01-01,Hay Point,East Coast India,Coal,Panamax,75000.0,1970.0,646.0,112.6,102.5,31.484,2.1,4.0,2.5,21.28416409050848,22.019144397661144,SYN0302,synthetic,empirical_constrained_simulation_v1
2037-02-01,Hay Point,East Coast India,Coal,Panamax,75000.0,2080.0,652.0,109.0,92.3,45.9296,3.3,3.0,3.0,22.019144397661144,21.46073822804423,SYN0302,synthetic,empirical_constrained_simulation_v1
2037-03-01,Hay Point,East Coast India,Coal,Panamax,75000.0,1360.0,592.0,104.0,100.1,26.854000000000003,1.6,1.0,0.0,21.46073822804423,26.39450540229898,SYN0302,synthetic,empirical_constrained_simulation_v1
2037-04-01,Hay Point,East Coast India,Coal,Panamax,75000.0,1880.0,648.0,142.1,100.5,31.1136,2.0,4.0,2.5,26.39450540229898,24.774841671796167,SYN0302,synthetic,empirical_constrained_simulation_v1
2037-05-01,Hay Point,East Coast India,Coal,Panamax,75000.0,1360.0,592.0,104.0,100.1,26.854000000000003,1.6,1.0,0.0,24.774841671796167,23.37073654784249,SYN0302,synthetic,empirical_constrained_simulation_v1
2037-06-01,Hay Point,East Coast India,Coal,Panamax,75000.0,1390.0,610.0,139.2,92.8,38.52160000000001,2.7,3.0,2.0,23.37073654784249,25.478830594166666,SYN0302,synthetic,empirical_constrained_simulation_v1
2037-07-01,Hay Point,East Coast India,Coal,Panamax,75000.0,1950.0,660.0,142.0,118.9,35.188,2.6,4.0,2.0,25.478830594166666,27.0081003287856,SYN0302,synthetic,empirical_constrained_simulation_v1
2037-08-01,Hay Point,East Coast India,Coal,Panamax,75000.0,1360.0,592.0,104.0,100.1,26.854000000000003,1.6,1.0,0.0,27.0081003287856,21.740254419209514,SYN0302,synthetic,empirical_constrained_simulation_v1
2037-09-01,Hay Point,East Coast India,Coal,Panamax,75000.0,1540.0,620.0,112.9,97.3,50.93,3.8,2.0,4.0,21.740254419209514,16.305190814407133,SYN0302,synthetic,empirical_constrained_simulation_v1
2037-10-01,Hay Point,East Coast India,Coal,Panamax,75000.0,1540.0,620.0,112.9,97.3,50.93,3.8,2.0,4.0,16.305190814407133,16.095946299672217,SYN0302,synthetic,empirical_constrained_simulation_v1
2037-11-01,Hay Point,East Coast India,Coal,Panamax,75000.0,1310.0,588.0,106.9,105.1,31.1136,1.9,2.0,0.5,16.095946299672217,20.119932874590273,SYN0302,synthetic,empirical_constrained_simulation_v1
2037-12-01,Hay Point,East Coast India,Coal,Panamax,75000.0,1740.0,630.0,146.6,101.4,32.410000000000004,2.2,5.0,3.5,20.119932874590273,19.741386300234137,SYN0302,synthetic,empirical_constrained_simulation_v1
2038-01-01,Hay Point,East Coast India,Coal,Panamax,75000.0,2150.0,658.0,104.4,97.0,37.966,2.8,5.0,2.5,19.741386300234137,21.554542687517426,SYN0302,synthetic,empirical_constrained_simulation_v1
2038-02-01,Hay Point,East Coast India,Coal,Panamax,75000.0,1880.0,648.0,142.1,100.5,31.1136,2.0,4.0,2.5,21.554542687517426,19.035382996953622,SYN0302,synthetic,empirical_constrained_simulation_v1
2038-03-01,Hay Point,East Coast India,Coal,Panamax,75000.0,1380.0,595.0,118.6,99.6,29.632,1.8,2.0,0.5,19.035382996953622,15.061791920979509,SYN0302,synthetic,empirical_constrained_simulation_v1
2038-04-01,Hay Point,East Coast India,Coal,Panamax,75000.0,1420.0,615.0,137.6,106.9,48.152,3.6,2.0,3.5,15.061791920979509,15.813643145555986,SYN0302,synthetic,empirical_constrained_simulation_v1
2050-12-01,Hay Point,East Coast India,Coal,Panamax,75000.0,1890.0,642.0,135.1,107.5,43.522000000000006,3.1,3.0,2.5,15.3,14.890918540455754,SYN0306,synthetic,empirical_constrained_simulation_v1
2051-01-01,Hay Point,East Coast India,Coal,Panamax,75000.0,2080.0,652.0,109.0,92.3,45.9296,3.3,3.0,3.0,14.890918540455754,14.51445714786984,SYN0306,synthetic,empirical_constrained_simulation_v1
2051-02-01,Hay Point,East Coast India,Coal,Panamax,75000.0,1950.0,660.0,142.0,118.9,35.188,2.6,4.0,2.0,14.51445714786984,14.859040970618924,SYN0306,synthetic,empirical_constrained_simulation_v1
2051-03-01,Hay Point,East Coast India,Coal,Panamax,75000.0,1500.0,614.0,106.3,103.3,39.818000000000005,2.8,3.0,2.0,14.859040970618924,15.317047694080498,SYN0306,synthetic,empirical_constrained_simulation_v1
2051-04-01,Hay Point,East Coast India,Coal,Panamax,75000.0,1390.0,610.0,139.2,92.8,38.52160000000001,2.7,3.0,2.0,15.317047694080498,14.866979927131974,SYN0306,synthetic,empirical_constrained_simulation_v1
2051-05-01,Hay Point,East Coast India,Coal,Panamax,75000.0,1390.0,610.0,139.2,92.8,38.52160000000001,2.7,3.0,2.0,14.866979927131974,14.798066291951253,SYN0306,synthetic,empirical_constrained_simulation_v1
2051-06-01,Hay Point,East Coast India,Coal,Panamax,75000.0,1910.0,650.0,129.8,102.2,31.484,1.9,2.0,1.0,14.798066291951253,16.26416952667592,SYN0306,synthetic,empirical_constrained_simulation_v1
2051-07-01,Hay Point,East Coast India,Coal,Panamax,75000.0,1380.0,595.0,118.6,99.6,29.632,1.8,2.0,0.5,16.26416952667592,14.439134815022696,SYN0306,synthetic,empirical_constrained_simulation_v1
2051-08-01,Hay Point,East Coast India,Coal,Panamax,75000.0,1310.0,588.0,106.9,105.1,31.1136,1.9,2.0,0.5,14.439134815022696,15.565515576542742,SYN0306,synthetic,empirical_constrained_simulation_v1
2051-09-01,Hay Point,East Coast India,Coal,Panamax,75000.0,1460.0,608.0,112.2,99.7,48.152,3.5,2.0,3.5,15.565515576542742,16.546117075963036,SYN0306,synthetic,empirical_constrained_simulation_v1
2051-10-01,Hay Point,East Coast India,Coal,Panamax,75000.0,2080.0,652.0,109.0,92.3,45.9296,3.3,3.0,3.0,16.546117075963036,12.409587806972276,SYN0306,synthetic,empirical_constrained_simulation_v1
2051-11-01,Hay Point,East Coast India,Coal,Panamax,75000.0,1540.0,620.0,112.9,97.3,50.93,3.8,2.0,4.0,12.409587806972276,9.307190855229207,SYN0306,synthetic,empirical_constrained_simulation_v1
2051-12-01,Hay Point,East Coast India,Coal,Panamax,75000.0,1420.0,615.0,137.6,106.9,48.152,3.6,2.0,3.5,9.307190855229207,11.305981579472782,SYN0306,synthetic,empirical_constrained_simulation_v1
2052-01-01,Hay Point,East Coast India,Coal,Panamax,75000.0,1820.0,655.0,135.0,112.8,26.2984,1.6,2.0,0.5,11.305981579472782,10.390654210629279,SYN0306,synthetic,empirical_constrained_simulation_v1
2052-02-01,Hay Point,East Coast India,Coal,Panamax,75000.0,2150.0,658.0,104.4,97.0,37.966,2.8,5.0,2.5,10.390654210629279,10.34902369325575,SYN0306,synthetic,empirical_constrained_simulation_v1
2052-03-01,Hay Point,East Coast India,Coal,Panamax,75000.0,1680.0,645.0,131.5,109.8,27.78,1.7,1.0,0.0,10.34902369325575,9.275022853542424,SYN0306,synthetic,empirical_constrained_simulation_v1
2052-04-01,Hay Point,East Coast India,Coal,Panamax,75000.0,1540.0,620.0,112.9,97.3,50.93,3.8,2.0,4.0,9.275022853542424,9.976892969749255,SYN0306,synthetic,empirical_constrained_simulation_v1
2052-05-01,Hay Point,East Coast India,Coal,Panamax,75000.0,2150.0,658.0,104.4,97.0,37.966,2.8,5.0,2.5,9.976892969749255,9.89256925322334,SYN0306,synthetic,empirical_constrained_simulation_v1
2052-06-01,Hay Point,East Coast India,Coal,Panamax,75000.0,1310.0,588.0,106.9,105.1,31.1136,1.9,2.0,0.5,9.89256925322334,12.345823424002116,SYN0306,synthetic,empirical_constrained_simulation_v1
2052-07-01,Hay Point,East Coast India,Coal,Panamax,75000.0,1850.0,635.0,107.5,103.5,33.7064,2.3,5.0,4.0,12.345823424002116,13.32983159601936,SYN0306,synthetic,empirical_constrained_simulation_v1
2052-08-01,Hay Point,East Coast India,Coal,Panamax,75000.0,1390.0,610.0,139.2,92.8,38.52160000000001,2.7,3.0,2.0,13.32983159601936,15.702228452867535,SYN0306,synthetic,empirical_constrained_simulation_v1
2052-09-01,Hay Point,East Coast India,Coal,Panamax,75000.0,1850.0,635.0,107.5,103.5,33.7064,2.3,5.0,4.0,15.702228452867535,16.09995685311348,SYN0306,synthetic,empirical_constrained_simulation_v1
2052-10-01,Hay Point,East Coast India,Coal,Panamax,75000.0,1980.0,640.0,98.6,97.2,27.78,1.7,2.0,0.5,16.09995685311348,19.942009401454687,SYN0306,synthetic,empirical_constrained_simulation_v1
2052-11-01,Hay Point,East Coast India,Coal,Panamax,75000.0,1970.0,646.0,112.6,102.5,31.484,2.1,4.0,2.5,19.942009401454687,19.878125764946677,SYN0306,synthetic,empirical_constrained_simulation_v1
2052-12-01,Hay Point,East Coast India,Coal,Panamax,75000.0,1540.0,620.0,112.9,97.3,50.93,3.8,2.0,4.0,19.878125764946677,19.78408297113942,SYN0306,synthetic,empirical_constrained_simulation_v1
2053-01-01,Hay Point,East Coast India,Coal,Panamax,75000.0,1680.0,645.0,131.5,109.8,27.78,1.7,1.0,0.0,19.78408297113942,22.96907208035173,SYN0306,synthetic,empirical_constrained_simulation_v1
2053-02-01,Hay Point,East Coast India,Coal,Panamax,75000.0,1740.0,630.0,146.6,101.4,32.410000000000004,2.2,5.0,3.5,22.96907208035173,18.111627612296953,SYN0306,synthetic,empirical_constrained_simulation_v1
2053-03-01,Hay Point,East Coast India,Coal,Panamax,75000.0,1380.0,595.0,118.6,99.6,29.632,1.8,2.0,0.5,18.111627612296953,20.07757855815471,SYN0306,synthetic,empirical_constrained_simulation_v1
2053-04-01,Hay Point,East Coast India,Coal,Panamax,75000.0,1950.0,660.0,142.0,118.9,35.188,2.6,4.0,2.0,20.07757855815471,20.62288851633026,SYN0306,synthetic,empirical_constrained_simulation_v1
2053-05-01,Hay Point,East Coast India,Coal,Panamax,75000.0,1890.0,642.0,135.1,107.5,43.522000000000006,3.1,3.0,2.5,20.62288851633026,18.359387537574975,SYN0306,synthetic,empirical_constrained_simulation_v1
2053-06-01,Hay Point,East Coast India,Coal,Panamax,75000.0,1390.0,610.0,139.2,92.8,38.52160000000001,2.7,3.0,2.0,18.359387537574975,22.94923442196872,SYN0306,synthetic,empirical_constrained_simulation_v1
2053-07-01,Hay Point,East Coast India,Coal,Panamax,75000.0,2150.0,658.0,104.4,97.0,37.966,2.8,5.0,2.5,22.94923442196872,17.211925816476537,SYN0306,synthetic,empirical_constrained_simulation_v1
2053-08-01,Hay Point,East Coast India,Coal,Panamax,75000.0,1310.0,588.0,106.9,105.1,31.1136,1.9,2.0,0.5,17.211925816476537,20.274910382078012,SYN0306,synthetic,empirical_constrained_simulation_v1
2053-09-01,Hay Point,East Coast India,Coal,Panamax,75000.0,1880.0,648.0,142.1,100.5,31.1136,2.0,4.0,2.5,20.274910382078012,21.893651586255015,SYN0306,synthetic,empirical_constrained_simulation_v1
2053-10-01,Hay Point,East Coast India,Coal,Panamax,75000.0,1950.0,660.0,142.0,118.9,35.188,2.6,4.0,2.0,21.893651586255015,24.28666254388859,SYN0306,synthetic,empirical_constrained_simulation_v1
2053-11-01,Hay Point,East Coast India,Coal,Panamax,75000.0,1970.0,646.0,112.6,102.5,31.484,2.1,4.0,2.5,24.28666254388859,24.24726229955408,SYN0306,synthetic,empirical_constrained_simulation_v1
2053-12-01,Hay Point,East Coast India,Coal,Panamax,75000.0,1310.0,588.0,106.9,105.1,31.1136,1.9,2.0,0.5,24.24726229955408,28.662013369936798,SYN0306,synthetic,empirical_constrained_simulation_v1
2054-01-01,Hay Point,East Coast India,Coal,Panamax,75000.0,1880.0,648.0,142.1,100.5,31.1136,2.0,4.0,2.5,28.662013369936798,27.17150425808577,SYN0306,synthetic,empirical_constrained_simulation_v1
2054-02-01,Hay Point,East Coast India,Coal,Panamax,75000.0,1540.0,620.0,112.9,97.3,50.93,3.8,2.0,4.0,27.17150425808577,25.705078687262798,SYN0306,synthetic,empirical_constrained_simulation_v1
2054-03-01,Hay Point,East Coast India,Coal,Panamax,75000.0,1910.0,650.0,129.8,102.2,31.484,1.9,2.0,1.0,25.705078687262798,24.884455288608077,SYN0306,synthetic,empirical_constrained_simulation_v1
2054-04-01,Hay Point,East Coast India,Coal,Panamax,75000.0,1360.0,592.0,104.0,100.1,26.854000000000003,1.6,1.0,0.0,24.884455288608077,26.48972862283092,SYN0306,synthetic,empirical_constrained_simulation_v1
2054-05-01,Hay Point,East Coast India,Coal,Panamax,75000.0,1420.0,615.0,137.6,106.9,48.152,3.6,2.0,3.5,26.48972862283092,27.74323706401697,SYN0306,synthetic,empirical_constrained_simulation_v1
2054-06-01,Hay Point,East Coast India,Coal,Panamax,75000.0,2080.0,652.0,109.0,92.3,45.9296,3.3,3.0,3.0,27.74323706401697,21.759551768732276,SYN0306,synthetic,empirical_constrained_simulation_v1
2054-07-01,Hay Point,East Coast India,Coal,Panamax,75000.0,1420.0,615.0,137.6,106.9,48.152,3.6,2.0,3.5,21.759551768732276,20.311130298722805,SYN0306,synthetic,empirical_constrained_simulation_v1
2054-08-01,Hay Point,East Coast India,Coal,Panamax,75000.0,1500.0,614.0,106.3,103.3,39.818000000000005,2.8,3.0,2.0,20.311130298722805,20.29762737251904,SYN0306,synthetic,empirical_constrained_simulation_v1
2054-09-01,Hay Point,East Coast India,Coal,Panamax,75000.0,1680.0,645.0,131.5,109.8,27.78,1.7,1.0,0.0,20.29762737251904,19.767292320128707,SYN0306,synthetic,empirical_constrained_simulation_v1
2054-10-01,Hay Point,East Coast India,Coal,Panamax,75000.0,1310.0,588.0,106.9,105.1,31.1136,1.9,2.0,0.5,19.767292320128707,18.005825399755558,SYN0306,synthetic,empirical_constrained_simulation_v1
2054-11-01,Hay Point,East Coast India,Coal,Panamax,75000.0,1360.0,592.0,104.0,100.1,26.854000000000003,1.6,1.0,0.0,18.005825399755558,18.383554253008583,SYN0306,synthetic,empirical_constrained_simulation_v1
2054-12-01,Hay Point,East Coast India,Coal,Panamax,75000.0,1850.0,635.0,107.5,103.5,33.7064,2.3,5.0,4.0,18.383554253008583,22.97944281626073,SYN0306,synthetic,empirical_constrained_simulation_v1
2055-02-01,Hay Point,East Coast India,Coal,Panamax,75000.0,1970.0,646.0,112.6,102.5,31.484,2.1,4.0,2.5,16.4,20.5,SYN0307,synthetic,empirical_constrained_simulation_v1
2055-03-01,Hay Point,East Coast India,Coal,Panamax,75000.0,1850.0,635.0,107.5,103.5,33.7064,2.3,5.0,4.0,20.5,15.375,SYN0307,synthetic,empirical_constrained_simulation_v1
2055-04-01,Hay Point,East Coast India,Coal,Panamax,75000.0,1350.0,605.0,145.8,99.9,46.6704,3.4,2.0,3.0,15.375,17.080056158477596,SYN0307,synthetic,empirical_constrained_simulation_v1
2055-05-01,Hay Point,East Coast India,Coal,Panamax,75000.0,1380.0,595.0,118.6,99.6,29.632,1.8,2.0,0.5,17.080056158477596,17.50543986761236,SYN0307,synthetic,empirical_constrained_simulation_v1
2055-06-01,Hay Point,East Coast India,Coal,Panamax,75000.0,1500.0,614.0,106.3,103.3,39.818000000000005,2.8,3.0,2.0,17.50543986761236,14.919543781158172,SYN0307,synthetic,empirical_constrained_simulation_v1
2055-07-01,Hay Point,East Coast India,Coal,Panamax,75000.0,1420.0,615.0,137.6,106.9,48.152,3.6,2.0,3.5,14.919543781158172,18.37294025752942,SYN0307,synthetic,empirical_constrained_simulation_v1
2055-08-01,Hay Point,East Coast India,Coal,Panamax,75000.0,1880.0,648.0,142.1,100.5,31.1136,2.0,4.0,2.5,18.37294025752942,17.416849189288715,SYN0307,synthetic,empirical_constrained_simulation_v1
2055-09-01,Hay Point,East Coast India,Coal,Panamax,75000.0,1380.0,595.0,118.6,99.6,29.632,1.8,2.0,0.5,17.416849189288715,16.905721132414335,SYN0307,synthetic,empirical_constrained_simulation_v1
2055-10-01,Hay Point,East Coast India,Coal,Panamax,75000.0,1360.0,592.0,104.0,100.1,26.854000000000003,1.6,1.0,0.0,16.905721132414335,15.82439296531008,SYN0307,synthetic,empirical_constrained_simulation_v1
2055-11-01,Hay Point,East Coast India,Coal,Panamax,75000.0,1740.0,630.0,146.6,101.4,32.410000000000004,2.2,5.0,3.5,15.82439296531008,14.86390350250173,SYN0307,synthetic,empirical_constrained_simulation_v1
2055-12-01,Hay Point,East Coast India,Coal,Panamax,75000.0,2080.0,652.0,109.0,92.3,45.9296,3.3,3.0,3.0,14.86390350250173,15.86646250251813,SYN0307,synthetic,empirical_constrained_simulation_v1
2056-01-01,Hay Point,East Coast India,Coal,Panamax,75000.0,1740.0,630.0,146.6,101.4,32.410000000000004,2.2,5.0,3.5,15.86646250251813,16.289576633121378,SYN0307,synthetic,empirical_constrained_simulation_v1
2056-02-01,Hay Point,East Coast India,Coal,Panamax,75000.0,1360.0,592.0,104.0,100.1,26.854000000000003,1.6,1.0,0.0,16.289576633121378,16.23140192480329,SYN0307,synthetic,empirical_constrained_simulation_v1
2056-03-01,Hay Point,East Coast India,Coal,Panamax,75000.0,2150.0,658.0,104.4,97.0,37.966,2.8,5.0,2.5,16.23140192480329,15.141454633114664,SYN0307,synthetic,empirical_constrained_simulation_v1
2056-04-01,Hay Point,East Coast India,Coal,Panamax,75000.0,1350.0,605.0,145.8,99.9,46.6704,3.4,2.0,3.0,15.141454633114664,15.967949554095732,SYN0307,synthetic,empirical_constrained_simulation_v1
2056-05-01,Hay Point,East Coast India,Coal,Panamax,75000.0,1880.0,648.0,142.1,100.5,31.1136,2.0,4.0,2.5,15.967949554095732,15.44630073623945,SYN0307,synthetic,empirical_constrained_simulation_v1
2056-06-01,Hay Point,East Coast India,Coal,Panamax,75000.0,1350.0,605.0,145.8,99.9,46.6704,3.4,2.0,3.0,15.44630073623945,19.307875920299313,SYN0307,synthetic,empirical_constrained_simulation_v1
2056-07-01,Hay Point,East Coast India,Coal,Panamax,75000.0,1970.0,646.0,112.6,102.5,31.484,2.1,4.0,2.5,19.307875920299313,19.90305827081155,SYN0307,synthetic,empirical_constrained_simulation_v1
2056-08-01,Hay Point,East Coast India,Coal,Panamax,75000.0,1970.0,646.0,112.6,102.5,31.484,2.1,4.0,2.5,19.90305827081155,15.426232361871067,SYN0307,synthetic,empirical_constrained_simulation_v1
2056-09-01,Hay Point,East Coast India,Coal,Panamax,75000.0,1420.0,615.0,137.6,106.9,48.152,3.6,2.0,3.5,15.426232361871067,16.372846594825017,SYN0307,synthetic,empirical_constrained_simulation_v1
2056-10-01,Hay Point,East Coast India,Coal,Panamax,75000.0,1880.0,648.0,142.1,100.5,31.1136,2.0,4.0,2.5,16.372846594825017,14.57594407014072,SYN0307,synthetic,empirical_constrained_simulation_v1
2056-11-01,Hay Point,East Coast India,Coal,Panamax,75000.0,1460.0,608.0,112.2,99.7,48.152,3.5,2.0,3.5,14.57594407014072,15.067499067101666,SYN0307,synthetic,empirical_constrained_simulation_v1
2056-12-01,Hay Point,East Coast India,Coal,Panamax,75000.0,1390.0,610.0,139.2,92.8,38.52160000000001,2.7,3.0,2.0,15.067499067101666,11.30062430032625,SYN0307,synthetic,empirical_constrained_simulation_v1
2057-01-01,Hay Point,East Coast India,Coal,Panamax,75000.0,1540.0,620.0,112.9,97.3,50.93,3.8,2.0,4.0,11.30062430032625,10.590650377817914,SYN0307,synthetic,empirical_constrained_simulation_v1
2057-02-01,Hay Point,East Coast India,Coal,Panamax,75000.0,1680.0,645.0,131.5,109.8,27.78,1.7,1.0,0.0,10.590650377817914,10.34644015547144,SYN0307,synthetic,empirical_constrained_simulation_v1
2057-03-01,Hay Point,East Coast India,Coal,Panamax,75000.0,1500.0,614.0,106.3,103.3,39.818000000000005,2.8,3.0,2.0,10.34644015547144,9.996981993695877,SYN0307,synthetic,empirical_constrained_simulation_v1
2057-04-01,Hay Point,East Coast India,Coal,Panamax,75000.0,1950.0,660.0,142.0,118.9,35.188,2.6,4.0,2.0,9.996981993695877,9.325170996091147,SYN0307,synthetic,empirical_constrained_simulation_v1
2057-05-01,Hay Point,East Coast India,Coal,Panamax,75000.0,1310.0,588.0,106.9,105.1,31.1136,1.9,2.0,0.5,9.325170996091147,9.785329841535425,SYN0307,synthetic,empirical_constrained_simulation_v1
2057-06-01,Hay Point,East Coast India,Coal,Panamax,75000.0,1890.0,642.0,135.1,107.5,43.522000000000006,3.1,3.0,2.5,9.785329841535425,10.307391510296263,SYN0307,synthetic,empirical_constrained_simulation_v1
2057-07-01,Hay Point,East Coast India,Coal,Panamax,75000.0,1350.0,605.0,145.8,99.9,46.6704,3.4,2.0,3.0,10.307391510296263,10.502344560230103,SYN0307,synthetic,empirical_constrained_simulation_v1
2057-08-01,Hay Point,East Coast India,Coal,Panamax,75000.0,1390.0,610.0,139.2,92.8,38.52160000000001,2.7,3.0,2.0,10.502344560230103,9.817078835603281,SYN0307,synthetic,empirical_constrained_simulation_v1
2057-09-01,Hay Point,East Coast India,Coal,Panamax,75000.0,1910.0,650.0,129.8,102.2,31.484,1.9,2.0,1.0,9.817078835603281,9.986657325526895,SYN0307,synthetic,empirical_constrained_simulation_v1
2057-10-01,Hay Point,East Coast India,Coal,Panamax,75000.0,2080.0,652.0,109.0,92.3,45.9296,3.3,3.0,3.0,9.986657325526895,11.202748512677637,SYN0307,synthetic,empirical_constrained_simulation_v1
2057-11-01,Hay Point,East Coast India,Coal,Panamax,75000.0,1500.0,614.0,106.3,103.3,39.818000000000005,2.8,3.0,2.0,11.202748512677637,14.003435640847046,SYN0307,synthetic,empirical_constrained_simulation_v1
2057-12-01,Hay Point,East Coast India,Coal,Panamax,75000.0,1980.0,640.0,98.6,97.2,27.78,1.7,2.0,0.5,14.003435640847046,14.608156134348244,SYN0307,synthetic,empirical_constrained_simulation_v1
2058-01-01,Hay Point,East Coast India,Coal,Panamax,75000.0,2080.0,652.0,109.0,92.3,45.9296,3.3,3.0,3.0,14.608156134348244,13.687815455043006,SYN0307,synthetic,empirical_constrained_simulation_v1
2058-02-01,Hay Point,East Coast India,Coal,Panamax,75000.0,1740.0,630.0,146.6,101.4,32.410000000000004,2.2,5.0,3.5,13.687815455043006,13.594681535377864,SYN0307,synthetic,empirical_constrained_simulation_v1
2058-03-01,Hay Point,East Coast India,Coal,Panamax,75000.0,1310.0,588.0,106.9,105.1,31.1136,1.9,2.0,0.5,13.594681535377864,13.936207108435841,SYN0307,synthetic,empirical_constrained_simulation_v1
2058-04-01,Hay Point,East Coast India,Coal,Panamax,75000.0,1910.0,650.0,129.8,102.2,31.484,1.9,2.0,1.0,13.936207108435841,15.01482172995591,SYN0307,synthetic,empirical_constrained_simulation_v1
2058-05-01,Hay Point,East Coast India,Coal,Panamax,75000.0,1910.0,650.0,129.8,102.2,31.484,1.9,2.0,1.0,15.01482172995591,18.768527162444887,SYN0307,synthetic,empirical_constrained_simulation_v1
2058-06-01,Hay Point,East Coast India,Coal,Panamax,75000.0,2150.0,658.0,104.4,97.0,37.966,2.8,5.0,2.5,18.768527162444887,20.025921044509452,SYN0307,synthetic,empirical_constrained_simulation_v1
2058-07-01,Hay Point,East Coast India,Coal,Panamax,75000.0,1360.0,592.0,104.0,100.1,26.854000000000003,1.6,1.0,0.0,20.025921044509452,18.701436306379637,SYN0307,synthetic,empirical_constrained_simulation_v1
2058-08-01,Hay Point,East Coast India,Coal,Panamax,75000.0,1740.0,630.0,146.6,101.4,32.410000000000004,2.2,5.0,3.5,18.701436306379637,18.43433892617251,SYN0307,synthetic,empirical_constrained_simulation_v1
2058-09-01,Hay Point,East Coast India,Coal,Panamax,75000.0,1500.0,614.0,106.3,103.3,39.818000000000005,2.8,3.0,2.0,18.43433892617251,19.57275038986991,SYN0307,synthetic,empirical_constrained_simulation_v1
2058-10-01,Hay Point,East Coast India,Coal,Panamax,75000.0,1950.0,660.0,142.0,118.9,35.188,2.6,4.0,2.0,19.57275038986991,24.465937987337387,SYN0307,synthetic,empirical_constrained_simulation_v1
2058-11-01,Hay Point,East Coast India,Coal,Panamax,75000.0,1740.0,630.0,146.6,101.4,32.410000000000004,2.2,5.0,3.5,24.465937987337387,24.842736763087476,SYN0307,synthetic,empirical_constrained_simulation_v1
2058-12-01,Hay Point,East Coast India,Coal,Panamax,75000.0,1420.0,615.0,137.6,106.9,48.152,3.6,2.0,3.5,24.842736763087476,26.998539808150355,SYN0307,synthetic,empirical_constrained_simulation_v1
2059-01-01,Hay Point,East Coast India,Coal,Panamax,75000.0,1390.0,610.0,139.2,92.8,38.52160000000001,2.7,3.0,2.0,26.998539808150355,26.854089817154485,SYN0307,synthetic,empirical_constrained_simulation_v1
2059-02-01,Hay Point,East Coast India,Coal,Panamax,75000.0,1360.0,592.0,104.0,100.1,26.854000000000003,1.6,1.0,0.0,26.854089817154485,25.342175815560644,SYN0307,synthetic,empirical_constrained_simulation_v1
2071-10-01,Hay Point,East Coast India,Coal,Panamax,75000.0,1890.0,642.0,135.1,107.5,43.522000000000006,3.1,3.0,2.5,15.3,12.226506514163487,SYN0311,synthetic,empirical_constrained_simulation_v1
2071-11-01,Hay Point,East Coast India,Coal,Panamax,75000.0,1420.0,615.0,137.6,106.9,48.152,3.6,2.0,3.5,12.226506514163487,11.6863438678732,SYN0311,synthetic,empirical_constrained_simulation_v1
2071-12-01,Hay Point,East Coast India,Coal,Panamax,75000.0,1740.0,630.0,146.6,101.4,32.410000000000004,2.2,5.0,3.5,11.6863438678732,12.090575706733594,SYN0311,synthetic,empirical_constrained_simulation_v1
2072-01-01,Hay Point,East Coast India,Coal,Panamax,75000.0,1560.0,638.0,124.2,124.4,32.410000000000004,2.0,2.0,0.5,12.090575706733594,12.60820314185917,SYN0311,synthetic,empirical_constrained_simulation_v1
2072-02-01,Hay Point,East Coast India,Coal,Panamax,75000.0,1420.0,615.0,137.6,106.9,48.152,3.6,2.0,3.5,12.60820314185917,12.879799109122251,SYN0311,synthetic,empirical_constrained_simulation_v1
2072-03-01,Hay Point,East Coast India,Coal,Panamax,75000.0,2150.0,658.0,104.4,97.0,37.966,2.8,5.0,2.5,12.879799109122251,12.374812807802547,SYN0311,synthetic,empirical_constrained_simulation_v1
2072-04-01,Hay Point,East Coast India,Coal,Panamax,75000.0,1850.0,635.0,107.5,103.5,33.7064,2.3,5.0,4.0,12.374812807802547,9.28110960585191,SYN0311,synthetic,empirical_constrained_simulation_v1
2072-05-01,Hay Point,East Coast India,Coal,Panamax,75000.0,1540.0,620.0,112.9,97.3,50.93,3.8,2.0,4.0,9.28110960585191,9.68550227265586,SYN0311,synthetic,empirical_constrained_simulation_v1
2072-06-01,Hay Point,East Coast India,Coal,Panamax,75000.0,1500.0,614.0,106.3,103.3,39.818000000000005,2.8,3.0,2.0,9.68550227265586,9.334672446179885,SYN0311,synthetic,empirical_constrained_simulation_v1
2072-07-01,Hay Point,East Coast India,Coal,Panamax,75000.0,1350.0,605.0,145.8,99.9,46.6704,3.4,2.0,3.0,9.334672446179885,10.173836267834393,SYN0311,synthetic,empirical_constrained_simulation_v1
2072-08-01,Hay Point,East Coast India,Coal,Panamax,75000.0,1740.0,630.0,146.6,101.4,32.410000000000004,2.2,5.0,3.5,10.173836267834393,8.062329549092803,SYN0311,synthetic,empirical_constrained_simulation_v1
2072-09-01,Hay Point,East Coast India,Coal,Panamax,75000.0,1380.0,595.0,118.6,99.6,29.632,1.8,2.0,0.5,8.062329549092803,9.5835294403007,SYN0311,synthetic,empirical_constrained_simulation_v1
2072-10-01,Hay Point,East Coast India,Coal,Panamax,75000.0,1850.0,635.0,107.5,103.5,33.7064,2.3,5.0,4.0,9.5835294403007,8.30415270041327,SYN0311,synthetic,empirical_constrained_simulation_v1
2072-11-01,Hay Point,East Coast India,Coal,Panamax,75000.0,1350.0,605.0,145.8,99.9,46.6704,3.4,2.0,3.0,8.30415270041327,6.6846407037685704,SYN0311,synthetic,empirical_constrained_simulation_v1
2072-12-01,Hay Point,East Coast India,Coal,Panamax,75000.0,1460.0,608.0,112.2,99.7,48.152,3.5,2.0,3.5,6.6846407037685704,6.106045521537622,SYN0311,synthetic,empirical_constrained_simulation_v1
2073-01-01,Hay Point,East Coast India,Coal,Panamax,75000.0,1890.0,642.0,135.1,107.5,43.522000000000006,3.1,3.0,2.5,6.106045521537622,5.826618207156354,SYN0311,synthetic,empirical_constrained_simulation_v1
2073-02-01,Hay Point,East Coast India,Coal,Panamax,75000.0,1950.0,660.0,142.0,118.9,35.188,2.6,4.0,2.0,5.826618207156354,6.101344411780172,SYN0311,synthetic,empirical_constrained_simulation_v1
2073-03-01,Hay Point,East Coast India,Coal,Panamax,75000.0,1820.0,655.0,135.0,112.8,26.2984,1.6,2.0,0.5,6.101344411780172,6.43391422537289,SYN0311,synthetic,empirical_constrained_simulation_v1
2073-04-01,Hay Point,East Coast India,Coal,Panamax,75000.0,1820.0,655.0,135.0,112.8,26.2984,1.6,2.0,0.5,6.43391422537289,5.953290798717334,SYN0311,synthetic,empirical_constrained_simulation_v1
2073-05-01,Hay Point,East Coast India,Coal,Panamax,75000.0,1970.0,646.0,112.6,102.5,31.484,2.1,4.0,2.5,5.953290798717334,7.441613498396667,SYN0311,synthetic,empirical_constrained_simulation_v1
2073-06-01,Hay Point,East Coast India,Coal,Panamax,75000.0,1740.0,630.0,146.6,101.4,32.410000000000004,2.2,5.0,3.5,7.441613498396667,7.344405489785186,SYN0311,synthetic,empirical_constrained_simulation_v1
2073-07-01,Hay Point,East Coast India,Coal,Panamax,75000.0,1350.0,605.0,145.8,99.9,46.6704,3.4,2.0,3.0,7.344405489785186,7.475644411142831,SYN0311,synthetic,empirical_constrained_simulation_v1
2073-08-01,Hay Point,East Coast India,Coal,Panamax,75000.0,2150.0,658.0,104.4,97.0,37.966,2.8,5.0,2.5,7.475644411142831,7.926323539300703,SYN0311,synthetic,empirical_constrained_simulation_v1
2073-09-01,Hay Point,East Coast India,Coal,Panamax,75000.0,1360.0,592.0,104.0,100.1,26.854000000000003,1.6,1.0,0.0,7.926323539300703,9.055920623703647,SYN0311,synthetic,empirical_constrained_simulation_v1
2073-10-01,Hay Point,East Coast India,Coal,Panamax,75000.0,1910.0,650.0,129.8,102.2,31.484,1.9,2.0,1.0,9.055920623703647,9.2861862633407,SYN0311,synthetic,empirical_constrained_simulation_v1
2073-11-01,Hay Point,East Coast India,Coal,Panamax,75000.0,1970.0,646.0,112.6,102.5,31.484,2.1,4.0,2.5,9.2861862633407,9.47447571019967,SYN0311,synthetic,empirical_constrained_simulation_v1
2073-12-01,Hay Point,East Coast India,Coal,Panamax,75000.0,1910.0,650.0,129.8,102.2,31.484,1.9,2.0,1.0,9.47447571019967,9.145746366637725,SYN0311,synthetic,empirical_constrained_simulation_v1
2074-01-01,Hay Point,East Coast India,Coal,Panamax,75000.0,1820.0,655.0,135.0,112.8,26.2984,1.6,2.0,0.5,9.145746366637725,9.110147681974619,SYN0311,synthetic,empirical_constrained_simulation_v1
2074-02-01,Hay Point,East Coast India,Coal,Panamax,75000.0,1460.0,608.0,112.2,99.7,48.152,3.5,2.0,3.5,9.110147681974619,8.908931944724536,SYN0311,synthetic,empirical_constrained_simulation_v1
2074-03-01,Hay Point,East Coast India,Coal,Panamax,75000.0,1950.0,660.0,142.0,118.9,35.188,2.6,4.0,2.0,8.908931944724536,9.552936233881137,SYN0311,synthetic,empirical_constrained_simulation_v1
2074-04-01,Hay Point,East Coast India,Coal,Panamax,75000.0,1950.0,660.0,142.0,118.9,35.188,2.6,4.0,2.0,9.552936233881137,11.941170292351423,SYN0311,synthetic,empirical_constrained_simulation_v1
2074-05-01,Hay Point,East Coast India,Coal,Panamax,75000.0,1980.0,640.0,98.6,97.2,27.78,1.7,2.0,0.5,11.941170292351423,9.77502902519922,SYN0311,synthetic,empirical_constrained_simulation_v1
2074-06-01,Hay Point,East Coast India,Coal,Panamax,75000.0,1310.0,588.0,106.9,105.1,31.1136,1.9,2.0,0.5,9.77502902519922,10.064802515762521,SYN0311,synthetic,empirical_constrained_simulation_v1
2074-07-01,Hay Point,East Coast India,Coal,Panamax,75000.0,1680.0,645.0,131.5,109.8,27.78,1.7,1.0,0.0,10.064802515762521,11.09972920519652,SYN0311,synthetic,empirical_constrained_simulation_v1
2074-08-01,Hay Point,East Coast India,Coal,Panamax,75000.0,1970.0,646.0,112.6,102.5,31.484,2.1,4.0,2.5,11.09972920519652,11.158819324355875,SYN0311,synthetic,empirical_constrained_simulation_v1
2074-09-01,Hay Point,East Coast India,Coal,Panamax,75000.0,1950.0,660.0,142.0,118.9,35.188,2.6,4.0,2.0,11.158819324355875,11.114515828437256,SYN0311,synthetic,empirical_constrained_simulation_v1
2074-10-01,Hay Point,East Coast India,Coal,Panamax,75000.0,1910.0,650.0,129.8,102.2,31.484,1.9,2.0,1.0,11.114515828437256,10.201670848106948,SYN0311,synthetic,empirical_constrained_simulation_v1
2074-11-01,Hay Point,East Coast India,Coal,Panamax,75000.0,1500.0,614.0,106.3,103.3,39.818000000000005,2.8,3.0,2.0,10.201670848106948,11.317934831885202,SYN0311,synthetic,empirical_constrained_simulation_v1
2074-12-01,Hay Point,East Coast India,Coal,Panamax,75000.0,1740.0,630.0,146.6,101.4,32.410000000000004,2.2,5.0,3.5,11.317934831885202,12.399209213698901,SYN0311,synthetic,empirical_constrained_simulation_v1
2075-01-01,Hay Point,East Coast India,Coal,Panamax,75000.0,1890.0,642.0,135.1,107.5,43.522000000000006,3.1,3.0,2.5,12.399209213698901,13.081584019139319,SYN0311,synthetic,empirical_constrained_simulation_v1
2075-02-01,Hay Point,East Coast India,Coal,Panamax,75000.0,1390.0,610.0,139.2,92.8,38.52160000000001,2.7,3.0,2.0,13.081584019139319,13.533354523550582,SYN0311,synthetic,empirical_constrained_simulation_v1
2075-03-01,Hay Point,East Coast India,Coal,Panamax,75000.0,1540.0,620.0,112.9,97.3,50.93,3.8,2.0,4.0,13.533354523550582,11.359317075608837,SYN0311,synthetic,empirical_constrained_simulation_v1
2075-04-01,Hay Point,East Coast India,Coal,Panamax,75000.0,1540.0,620.0,112.9,97.3,50.93,3.8,2.0,4.0,11.359317075608837,8.519487806706628,SYN0311,synthetic,empirical_constrained_simulation_v1
2075-05-01,Hay Point,East Coast India,Coal,Panamax,75000.0,1380.0,595.0,118.6,99.6,29.632,1.8,2.0,0.5,8.519487806706628,8.059829393144517,SYN0311,synthetic,empirical_constrained_simulation_v1
2075-06-01,Hay Point,East Coast India,Coal,Panamax,75000.0,1500.0,614.0,106.3,103.3,39.818000000000005,2.8,3.0,2.0,8.059829393144517,8.191530291946762,SYN0311,synthetic,empirical_constrained_simulation_v1
2075-07-01,Hay Point,East Coast India,Coal,Panamax,75000.0,1540.0,620.0,112.9,97.3,50.93,3.8,2.0,4.0,8.191530291946762,8.366180086459135,SYN0311,synthetic,empirical_constrained_simulation_v1
2075-08-01,Hay Point,East Coast India,Coal,Panamax,75000.0,1970.0,646.0,112.6,102.5,31.484,2.1,4.0,2.5,8.366180086459135,8.009517396540952,SYN0311,synthetic,empirical_constrained_simulation_v1
2075-09-01,Hay Point,East Coast India,Coal,Panamax,75000.0,1950.0,660.0,142.0,118.9,35.188,2.6,4.0,2.0,8.009517396540952,6.375328538255716,SYN0311,synthetic,empirical_constrained_simulation_v1
2075-10-01,Hay Point,East Coast India,Coal,Panamax,75000.0,1350.0,605.0,145.8,99.9,46.6704,3.4,2.0,3.0,6.375328538255716,7.33810322853997,SYN0311,synthetic,empirical_constrained_simulation_v1
2080-02-01,Hay Point,East Coast India,Coal,Panamax,75000.0,1910.0,650.0,129.8,102.2,31.484,1.9,2.0,1.0,21.2,21.259167103403417,SYN0313,synthetic,empirical_constrained_simulation_v1
2080-03-01,Hay Point,East Coast India,Coal,Panamax,75000.0,2080.0,652.0,109.0,92.3,45.9296,3.3,3.0,3.0,21.259167103403417,20.95467805012932,SYN0313,synthetic,empirical_constrained_simulation_v1
2080-04-01,Hay Point,East Coast India,Coal,Panamax,75000.0,1500.0,614.0,106.3,103.3,39.818000000000005,2.8,3.0,2.0,20.95467805012932,15.716008537596991,SYN0313,synthetic,empirical_constrained_simulation_v1
2080-05-01,Hay Point,East Coast India,Coal,Panamax,75000.0,1420.0,615.0,137.6,106.9,48.152,3.6,2.0,3.5,15.716008537596991,15.825806773391912,SYN0313,synthetic,empirical_constrained_simulation_v1
2080-06-01,Hay Point,East Coast India,Coal,Panamax,75000.0,1910.0,650.0,129.8,102.2,31.484,1.9,2.0,1.0,15.825806773391912,16.04161011513748,SYN0313,synthetic,empirical_constrained_simulation_v1
2080-07-01,Hay Point,East Coast India,Coal,Panamax,75000.0,1360.0,592.0,104.0,100.1,26.854000000000003,1.6,1.0,0.0,16.04161011513748,16.231924877384227,SYN0313,synthetic,empirical_constrained_simulation_v1
2080-08-01,Hay Point,East Coast India,Coal,Panamax,75000.0,2080.0,652.0,109.0,92.3,45.9296,3.3,3.0,3.0,16.231924877384227,16.262743618553046,SYN0313,synthetic,empirical_constrained_simulation_v1
2080-09-01,Hay Point,East Coast India,Coal,Panamax,75000.0,1500.0,614.0,106.3,103.3,39.818000000000005,2.8,3.0,2.0,16.262743618553046,16.157647355558616,SYN0313,synthetic,empirical_constrained_simulation_v1
2080-10-01,Hay Point,East Coast India,Coal,Panamax,75000.0,1890.0,642.0,135.1,107.5,43.522000000000006,3.1,3.0,2.5,16.157647355558616,16.61312465610787,SYN0313,synthetic,empirical_constrained_simulation_v1
2080-11-01,Hay Point,East Coast India,Coal,Panamax,75000.0,2150.0,658.0,104.4,97.0,37.966,2.8,5.0,2.5,16.61312465610787,18.27909462636282,SYN0313,synthetic,empirical_constrained_simulation_v1
2080-12-01,Hay Point,East Coast India,Coal,Panamax,75000.0,1850.0,635.0,107.5,103.5,33.7064,2.3,5.0,4.0,18.27909462636282,14.051265496269723,SYN0313,synthetic,empirical_constrained_simulation_v1
2081-01-01,Hay Point,East Coast India,Coal,Panamax,75000.0,1460.0,608.0,112.2,99.7,48.152,3.5,2.0,3.5,14.051265496269723,14.947770229382138,SYN0313,synthetic,empirical_constrained_simulation_v1
2081-02-01,Hay Point,East Coast India,Coal,Panamax,75000.0,1680.0,645.0,131.5,109.8,27.78,1.7,1.0,0.0,14.947770229382138,14.035048425410354,SYN0313,synthetic,empirical_constrained_simulation_v1
2081-03-01,Hay Point,East Coast India,Coal,Panamax,75000.0,1360.0,592.0,104.0,100.1,26.854000000000003,1.6,1.0,0.0,14.035048425410354,11.356641486402802,SYN0313,synthetic,empirical_constrained_simulation_v1
2081-04-01,Hay Point,East Coast India,Coal,Panamax,75000.0,1420.0,615.0,137.6,106.9,48.152,3.6,2.0,3.5,11.356641486402802,14.195801858003502,SYN0313,synthetic,empirical_constrained_simulation_v1
2081-05-01,Hay Point,East Coast India,Coal,Panamax,75000.0,1950.0,660.0,142.0,118.9,35.188,2.6,4.0,2.0,14.195801858003502,11.141211050563474,SYN0313,synthetic,empirical_constrained_simulation_v1
2081-06-01,Hay Point,East Coast India,Coal,Panamax,75000.0,1380.0,595.0,118.6,99.6,29.632,1.8,2.0,0.5,11.141211050563474,13.818978715735074,SYN0313,synthetic,empirical_constrained_simulation_v1
2081-07-01,Hay Point,East Coast India,Coal,Panamax,75000.0,1880.0,648.0,142.1,100.5,31.1136,2.0,4.0,2.5,13.818978715735074,12.464324551200678,SYN0313,synthetic,empirical_constrained_simulation_v1
2081-08-01,Hay Point,East Coast India,Coal,Panamax,75000.0,1820.0,655.0,135.0,112.8,26.2984,1.6,2.0,0.5,12.464324551200678,14.631771411258383,SYN0313,synthetic,empirical_constrained_simulation_v1
2081-09-01,Hay Point,East Coast India,Coal,Panamax,75000.0,1880.0,648.0,142.1,100.5,31.1136,2.0,4.0,2.5,14.631771411258383,13.89511717733565,SYN0313,synthetic,empirical_constrained_simulation_v1
2081-10-01,Hay Point,East Coast India,Coal,Panamax,75000.0,1540.0,620.0,112.9,97.3,50.93,3.8,2.0,4.0,13.89511717733565,11.006977559269435,SYN0313,synthetic,empirical_constrained_simulation_v1
2081-11-01,Hay Point,East Coast India,Coal,Panamax,75000.0,1310.0,588.0,106.9,105.1,31.1136,1.9,2.0,0.5,11.006977559269435,10.493323443251471,SYN0313,synthetic,empirical_constrained_simulation_v1
2081-12-01,Hay Point,East Coast India,Coal,Panamax,75000.0,1910.0,650.0,129.8,102.2,31.484,1.9,2.0,1.0,10.493323443251471,9.724745553907354,SYN0313,synthetic,empirical_constrained_simulation_v1
2082-01-01,Hay Point,East Coast India,Coal,Panamax,75000.0,2150.0,658.0,104.4,97.0,37.966,2.8,5.0,2.5,9.724745553907354,10.07261633749659,SYN0313,synthetic,empirical_constrained_simulation_v1
2082-02-01,Hay Point,East Coast India,Coal,Panamax,75000.0,1910.0,650.0,129.8,102.2,31.484,1.9,2.0,1.0,10.07261633749659,9.488193575174902,SYN0313,synthetic,empirical_constrained_simulation_v1
2082-03-01,Hay Point,East Coast India,Coal,Panamax,75000.0,1390.0,610.0,139.2,92.8,38.52160000000001,2.7,3.0,2.0,9.488193575174902,10.190603946167618,SYN0313,synthetic,empirical_constrained_simulation_v1
2082-04-01,Hay Point,East Coast India,Coal,Panamax,75000.0,1740.0,630.0,146.6,101.4,32.410000000000004,2.2,5.0,3.5,10.190603946167618,12.62262750555988,SYN0313,synthetic,empirical_constrained_simulation_v1
2082-05-01,Hay Point,East Coast India,Coal,Panamax,75000.0,1850.0,635.0,107.5,103.5,33.7064,2.3,5.0,4.0,12.62262750555988,10.004537554665212,SYN0313,synthetic,empirical_constrained_simulation_v1
2082-06-01,Hay Point,East Coast India,Coal,Panamax,75000.0,1420.0,615.0,137.6,106.9,48.152,3.6,2.0,3.5,10.004537554665212,12.331232448234438,SYN0313,synthetic,empirical_constrained_simulation_v1
2082-07-01,Hay Point,East Coast India,Coal,Panamax,75000.0,1740.0,630.0,146.6,101.4,32.410000000000004,2.2,5.0,3.5,12.331232448234438,15.414040560293047,SYN0313,synthetic,empirical_constrained_simulation_v1
2082-08-01,Hay Point,East Coast India,Coal,Panamax,75000.0,1980.0,640.0,98.6,97.2,27.78,1.7,2.0,0.5,15.414040560293047,13.99935818213313,SYN0313,synthetic,empirical_constrained_simulation_v1
2082-09-01,Hay Point,East Coast India,Coal,Panamax,75000.0,1970.0,646.0,112.6,102.5,31.484,2.1,4.0,2.5,13.99935818213313,14.113989525098726,SYN0313,synthetic,empirical_constrained_simulation_v1
2082-10-01,Hay Point,East Coast India,Coal,Panamax,75000.0,1380.0,595.0,118.6,99.6,29.632,1.8,2.0,0.5,14.113989525098726,13.418430197499513,SYN0313,synthetic,empirical_constrained_simulation_v1
2082-11-01,Hay Point,East Coast India,Coal,Panamax,75000.0,1360.0,592.0,104.0,100.1,26.854000000000003,1.6,1.0,0.0,13.418430197499513,13.846685110534693,SYN0313,synthetic,empirical_constrained_simulation_v1
2082-12-01,Hay Point,East Coast India,Coal,Panamax,75000.0,2080.0,652.0,109.0,92.3,45.9296,3.3,3.0,3.0,13.846685110534693,14.971993363019003,SYN0313,synthetic,empirical_constrained_simulation_v1
2083-01-01,Hay Point,East Coast India,Coal,Panamax,75000.0,1910.0,650.0,129.8,102.2,31.484,1.9,2.0,1.0,14.971993363019003,18.26610160291888,SYN0313,synthetic,empirical_constrained_simulation_v1
2083-02-01,Hay Point,East Coast India,Coal,Panamax,75000.0,1970.0,646.0,112.6,102.5,31.484,2.1,4.0,2.5,18.26610160291888,19.874130739065173,SYN0313,synthetic,empirical_constrained_simulation_v1
2083-03-01,Hay Point,East Coast India,Coal,Panamax,75000.0,1360.0,592.0,104.0,100.1,26.854000000000003,1.6,1.0,0.0,19.874130739065173,23.895169848025372,SYN0313,synthetic,empirical_constrained_simulation_v1
2083-04-01,Hay Point,East Coast India,Coal,Panamax,75000.0,1680.0,645.0,131.5,109.8,27.78,1.7,1.0,0.0,23.895169848025372,24.72249494737694,SYN0313,synthetic,empirical_constrained_simulation_v1
2083-05-01,Hay Point,East Coast India,Coal,Panamax,75000.0,1910.0,650.0,129.8,102.2,31.484,1.9,2.0,1.0,24.72249494737694,22.454172029909024,SYN0313,synthetic,empirical_constrained_simulation_v1
2083-06-01,Hay Point,East Coast India,Coal,Panamax,75000.0,1380.0,595.0,118.6,99.6,29.632,1.8,2.0,0.5,22.454172029909024,20.1737448880545,SYN0313,synthetic,empirical_constrained_simulation_v1
2083-07-01,Hay Point,East Coast India,Coal,Panamax,75000.0,1360.0,592.0,104.0,100.1,26.854000000000003,1.6,1.0,0.0,20.1737448880545,15.38531394584638,SYN0313,synthetic,empirical_constrained_simulation_v1
2083-08-01,Hay Point,East Coast India,Coal,Panamax,75000.0,1350.0,605.0,145.8,99.9,46.6704,3.4,2.0,3.0,15.38531394584638,13.773644986399155,SYN0313,synthetic,empirical_constrained_simulation_v1
2083-09-01,Hay Point,East Coast India,Coal,Panamax,75000.0,1500.0,614.0,106.3,103.3,39.818000000000005,2.8,3.0,2.0,13.773644986399155,10.330233739799366,SYN0313,synthetic,empirical_constrained_simulation_v1
2083-10-01,Hay Point,East Coast India,Coal,Panamax,75000.0,1460.0,608.0,112.2,99.7,48.152,3.5,2.0,3.5,10.330233739799366,10.144535052569505,SYN0313,synthetic,empirical_constrained_simulation_v1
2083-11-01,Hay Point,East Coast India,Coal,Panamax,75000.0,1540.0,620.0,112.9,97.3,50.93,3.8,2.0,4.0,10.144535052569505,12.680668815711883,SYN0313,synthetic,empirical_constrained_simulation_v1
2083-12-01,Hay Point,East Coast India,Coal,Panamax,75000.0,1980.0,640.0,98.6,97.2,27.78,1.7,2.0,0.5,12.680668815711883,12.562926608133816,SYN0313,synthetic,empirical_constrained_simulation_v1
2084-01-01,Hay Point,East Coast India,Coal,Panamax,75000.0,1360.0,592.0,104.0,100.1,26.854000000000003,1.6,1.0,0.0,12.562926608133816,14.034076146180439,SYN0313,synthetic,empirical_constrained_simulation_v1
2084-02-01,Hay Point,East Coast India,Coal,Panamax,75000.0,1970.0,646.0,112.6,102.5,31.484,2.1,4.0,2.5,14.034076146180439,15.970416934609247,SYN0313,synthetic,empirical_constrained_simulation_v1
2030-02-01,Taboneo,East Coast India,Thermal Coal,Panamax,75000.0,1380.0,595.0,118.6,99.6,22.224,1.3,2.0,0.5,11.6,12.235814860618687,SYN0401,synthetic,empirical_constrained_simulation_v1
2030-03-01,Taboneo,East Coast India,Thermal Coal,Panamax,75000.0,1820.0,655.0,135.0,112.8,22.224,1.4,2.0,0.5,12.235814860618687,12.767841580703566,SYN0401,synthetic,empirical_constrained_simulation_v1
2030-04-01,Taboneo,East Coast India,Thermal Coal,Panamax,75000.0,1910.0,650.0,129.8,102.2,25.002,1.5,2.0,1.0,12.767841580703566,13.980187966606568,SYN0401,synthetic,empirical_constrained_simulation_v1
2030-05-01,Taboneo,East Coast India,Thermal Coal,Panamax,75000.0,2150.0,658.0,104.4,97.0,36.6696,2.6,5.0,2.5,13.980187966606568,10.55188130983468,SYN0401,synthetic,empirical_constrained_simulation_v1
2030-06-01,Taboneo,East Coast India,Thermal Coal,Panamax,75000.0,1420.0,615.0,137.6,106.9,52.782,3.9,2.0,3.5,10.55188130983468,7.91391098237601,SYN0401,synthetic,empirical_constrained_simulation_v1
2030-07-01,Taboneo,East Coast India,Thermal Coal,Panamax,75000.0,1420.0,615.0,137.6,106.9,52.782,3.9,2.0,3.5,7.91391098237601,8.457864021630003,SYN0401,synthetic,empirical_constrained_simulation_v1
2030-08-01,Taboneo,East Coast India,Thermal Coal,Panamax,75000.0,1500.0,614.0,106.3,103.3,40.744,2.9,3.0,2.0,8.457864021630003,7.8981848906345125,SYN0401,synthetic,empirical_constrained_simulation_v1
2030-09-01,Taboneo,East Coast India,Thermal Coal,Panamax,75000.0,1500.0,614.0,106.3,103.3,40.744,2.9,3.0,2.0,7.8981848906345125,7.224614472556395,SYN0401,synthetic,empirical_constrained_simulation_v1
2030-10-01,Taboneo,East Coast India,Thermal Coal,Panamax,75000.0,1390.0,610.0,139.2,92.8,39.818000000000005,2.8,3.0,2.0,7.224614472556395,6.5259927060384655,SYN0401,synthetic,empirical_constrained_simulation_v1
2030-11-01,Taboneo,East Coast India,Thermal Coal,Panamax,75000.0,1380.0,595.0,118.6,99.6,22.224,1.3,2.0,0.5,6.5259927060384655,5.761995082161727,SYN0401,synthetic,empirical_constrained_simulation_v1
2030-12-01,Taboneo,East Coast India,Thermal Coal,Panamax,75000.0,1820.0,655.0,135.0,112.8,22.224,1.4,2.0,0.5,5.761995082161727,6.216454188719471,SYN0401,synthetic,empirical_constrained_simulation_v1
2031-01-01,Taboneo,East Coast India,Thermal Coal,Panamax,75000.0,1500.0,614.0,106.3,103.3,40.744,2.9,3.0,2.0,6.216454188719471,6.10007247944597,SYN0401,synthetic,empirical_constrained_simulation_v1
2031-02-01,Taboneo,East Coast India,Thermal Coal,Panamax,75000.0,1390.0,610.0,139.2,92.8,39.818000000000005,2.8,3.0,2.0,6.10007247944597,6.307396843837957,SYN0401,synthetic,empirical_constrained_simulation_v1
2031-03-01,Taboneo,East Coast India,Thermal Coal,Panamax,75000.0,1350.0,605.0,145.8,99.9,50.004000000000005,3.7,2.0,3.0,6.307396843837957,5.261448829638684,SYN0401,synthetic,empirical_constrained_simulation_v1
2031-04-01,Taboneo,East Coast India,Thermal Coal,Panamax,75000.0,1380.0,595.0,118.6,99.6,22.224,1.3,2.0,0.5,5.261448829638684,6.576811037048355,SYN0401,synthetic,empirical_constrained_simulation_v1
2031-05-01,Taboneo,East Coast India,Thermal Coal,Panamax,75000.0,1980.0,640.0,98.6,97.2,24.4464,1.5,2.0,0.5,6.576811037048355,6.915884722943478,SYN0401,synthetic,empirical_constrained_simulation_v1
2031-06-01,Taboneo,East Coast India,Thermal Coal,Panamax,75000.0,2150.0,658.0,104.4,97.0,36.6696,2.6,5.0,2.5,6.915884722943478,7.295662114030954,SYN0401,synthetic,empirical_constrained_simulation_v1
2031-07-01,Taboneo,East Coast India,Thermal Coal,Panamax,75000.0,1500.0,614.0,106.3,103.3,40.744,2.9,3.0,2.0,7.295662114030954,7.885808358603606,SYN0401,synthetic,empirical_constrained_simulation_v1
2031-08-01,Taboneo,East Coast India,Thermal Coal,Panamax,75000.0,1970.0,646.0,112.6,102.5,28.706000000000003,1.9,4.0,2.5,7.885808358603606,8.100041023635661,SYN0401,synthetic,empirical_constrained_simulation_v1
2031-09-01,Taboneo,East Coast India,Thermal Coal,Panamax,75000.0,1500.0,614.0,106.3,103.3,40.744,2.9,3.0,2.0,8.100041023635661,7.751653834636023,SYN0401,synthetic,empirical_constrained_simulation_v1
2031-10-01,Taboneo,East Coast India,Thermal Coal,Panamax,75000.0,1460.0,608.0,112.2,99.7,52.2264,3.8,2.0,3.5,7.751653834636023,7.638092924854107,SYN0401,synthetic,empirical_constrained_simulation_v1
2031-11-01,Taboneo,East Coast India,Thermal Coal,Panamax,75000.0,2080.0,652.0,109.0,92.3,46.6704,3.4,3.0,3.0,7.638092924854107,7.187545586315504,SYN0401,synthetic,empirical_constrained_simulation_v1
2031-12-01,Taboneo,East Coast India,Thermal Coal,Panamax,75000.0,1350.0,605.0,145.8,99.9,50.004000000000005,3.7,2.0,3.0,7.187545586315504,7.2947029912090375,SYN0401,synthetic,empirical_constrained_simulation_v1
2032-01-01,Taboneo,East Coast India,Thermal Coal,Panamax,75000.0,1390.0,610.0,139.2,92.8,39.818000000000005,2.8,3.0,2.0,7.2947029912090375,7.275876665239764,SYN0401,synthetic,empirical_constrained_simulation_v1
2032-02-01,Taboneo,East Coast India,Thermal Coal,Panamax,75000.0,1460.0,608.0,112.2,99.7,52.2264,3.8,2.0,3.5,7.275876665239764,7.944193309783622,SYN0401,synthetic,empirical_constrained_simulation_v1
2032-03-01,Taboneo,East Coast India,Thermal Coal,Panamax,75000.0,2080.0,652.0,109.0,92.3,46.6704,3.4,3.0,3.0,7.944193309783622,8.23590314682209,SYN0401,synthetic,empirical_constrained_simulation_v1
2032-04-01,Taboneo,East Coast India,Thermal Coal,Panamax,75000.0,2080.0,652.0,109.0,92.3,46.6704,3.4,3.0,3.0,8.23590314682209,9.707859107259159,SYN0401,synthetic,empirical_constrained_simulation_v1
2032-05-01,Taboneo,East Coast India,Thermal Coal,Panamax,75000.0,1880.0,648.0,142.1,100.5,27.78,1.9,4.0,2.5,9.707859107259159,10.49547019745628,SYN0401,synthetic,empirical_constrained_simulation_v1
2032-06-01,Taboneo,East Coast India,Thermal Coal,Panamax,75000.0,1850.0,635.0,107.5,103.5,31.484,2.2,5.0,4.0,10.49547019745628,13.11933774682035,SYN0401,synthetic,empirical_constrained_simulation_v1
2032-07-01,Taboneo,East Coast India,Thermal Coal,Panamax,75000.0,1880.0,648.0,142.1,100.5,27.78,1.9,4.0,2.5,13.11933774682035,10.963105284403587,SYN0401,synthetic,empirical_constrained_simulation_v1
2032-08-01,Taboneo,East Coast India,Thermal Coal,Panamax,75000.0,1540.0,620.0,112.9,97.3,55.189600000000006,4.1,2.0,4.0,10.963105284403587,8.374291760044402,SYN0401,synthetic,empirical_constrained_simulation_v1
2032-09-01,Taboneo,East Coast India,Thermal Coal,Panamax,75000.0,1540.0,620.0,112.9,97.3,55.189600000000006,4.1,2.0,4.0,8.374291760044402,7.653566104581333,SYN0401,synthetic,empirical_constrained_simulation_v1
2032-10-01,Taboneo,East Coast India,Thermal Coal,Panamax,75000.0,1540.0,620.0,112.9,97.3,55.189600000000006,4.1,2.0,4.0,7.653566104581333,8.16193007144113,SYN0401,synthetic,empirical_constrained_simulation_v1
2032-11-01,Taboneo,East Coast India,Thermal Coal,Panamax,75000.0,1560.0,638.0,124.2,124.4,21.853600000000004,1.2,2.0,0.5,8.16193007144113,8.269072411545844,SYN0401,synthetic,empirical_constrained_simulation_v1
2032-12-01,Taboneo,East Coast India,Thermal Coal,Panamax,75000.0,1500.0,614.0,106.3,103.3,40.744,2.9,3.0,2.0,8.269072411545844,8.113610887789138,SYN0401,synthetic,empirical_constrained_simulation_v1
2033-01-01,Taboneo,East Coast India,Thermal Coal,Panamax,75000.0,1850.0,635.0,107.5,103.5,31.484,2.2,5.0,4.0,8.113610887789138,7.818931309526184,SYN0401,synthetic,empirical_constrained_simulation_v1
2033-02-01,Taboneo,East Coast India,Thermal Coal,Panamax,75000.0,1390.0,610.0,139.2,92.8,39.818000000000005,2.8,3.0,2.0,7.818931309526184,8.136036443389115,SYN0401,synthetic,empirical_constrained_simulation_v1
2033-03-01,Taboneo,East Coast India,Thermal Coal,Panamax,75000.0,1380.0,595.0,118.6,99.6,22.224,1.3,2.0,0.5,8.136036443389115,9.414450193502088,SYN0401,synthetic,empirical_constrained_simulation_v1
2033-04-01,Taboneo,East Coast India,Thermal Coal,Panamax,75000.0,1850.0,635.0,107.5,103.5,31.484,2.2,5.0,4.0,9.414450193502088,8.330409978073734,SYN0401,synthetic,empirical_constrained_simulation_v1
2033-05-01,Taboneo,East Coast India,Thermal Coal,Panamax,75000.0,1890.0,642.0,135.1,107.5,44.448,3.2,3.0,2.5,8.330409978073734,7.529427626594521,SYN0401,synthetic,empirical_constrained_simulation_v1
2033-06-01,Taboneo,East Coast India,Thermal Coal,Panamax,75000.0,1420.0,615.0,137.6,106.9,52.782,3.9,2.0,3.5,7.529427626594521,9.411784533243152,SYN0401,synthetic,empirical_constrained_simulation_v1
2033-07-01,Taboneo,East Coast India,Thermal Coal,Panamax,75000.0,1980.0,640.0,98.6,97.2,24.4464,1.5,2.0,0.5,9.411784533243152,9.678781981534007,SYN0401,synthetic,empirical_constrained_simulation_v1
2033-08-01,Taboneo,East Coast India,Thermal Coal,Panamax,75000.0,1360.0,592.0,104.0,100.1,20.001600000000003,1.1,1.0,0.0,9.678781981534007,12.098477476917509,SYN0401,synthetic,empirical_constrained_simulation_v1
2033-09-01,Taboneo,East Coast India,Thermal Coal,Panamax,75000.0,1980.0,640.0,98.6,97.2,24.4464,1.5,2.0,0.5,12.098477476917509,14.264513521107983,SYN0401,synthetic,empirical_constrained_simulation_v1
2033-10-01,Taboneo,East Coast India,Thermal Coal,Panamax,75000.0,1740.0,630.0,146.6,101.4,30.0024,2.1,5.0,3.5,14.264513521107983,15.711396415041754,SYN0401,synthetic,empirical_constrained_simulation_v1
2033-11-01,Taboneo,East Coast India,Thermal Coal,Panamax,75000.0,1740.0,630.0,146.6,101.4,30.0024,2.1,5.0,3.5,15.711396415041754,19.63924551880219,SYN0401,synthetic,empirical_constrained_simulation_v1
2033-12-01,Taboneo,East Coast India,Thermal Coal,Panamax,75000.0,1980.0,640.0,98.6,97.2,24.4464,1.5,2.0,0.5,19.63924551880219,14.729434139101643,SYN0401,synthetic,empirical_constrained_simulation_v1
2034-01-01,Taboneo,East Coast India,Thermal Coal,Panamax,75000.0,1380.0,595.0,118.6,99.6,22.224,1.3,2.0,0.5,14.729434139101643,15.792236830041482,SYN0401,synthetic,empirical_constrained_simulation_v1
2034-02-01,Taboneo,East Coast India,Thermal Coal,Panamax,75000.0,2150.0,658.0,104.4,97.0,36.6696,2.6,5.0,2.5,15.792236830041482,15.561278242840084,SYN0401,synthetic,empirical_constrained_simulation_v1
2034-04-01,Taboneo,East Coast India,Thermal Coal,Panamax,75000.0,1890.0,642.0,135.1,107.5,44.448,3.2,3.0,2.5,11.2,11.925411569496587,SYN0402,synthetic,empirical_constrained_simulation_v1
2034-05-01,Taboneo,East Coast India,Thermal Coal,Panamax,75000.0,1890.0,642.0,135.1,107.5,44.448,3.2,3.0,2.5,11.925411569496587,12.34398511588597,SYN0402,synthetic,empirical_constrained_simulation_v1
2034-06-01,Taboneo,East Coast India,Thermal Coal,Panamax,75000.0,1380.0,595.0,118.6,99.6,22.224,1.3,2.0,0.5,12.34398511588597,11.768741290705726,SYN0402,synthetic,empirical_constrained_simulation_v1
2034-07-01,Taboneo,East Coast India,Thermal Coal,Panamax,75000.0,1910.0,650.0,129.8,102.2,25.002,1.5,2.0,1.0,11.768741290705726,9.876594942655675,SYN0402,synthetic,empirical_constrained_simulation_v1
2034-08-01,Taboneo,East Coast India,Thermal Coal,Panamax,75000.0,1310.0,588.0,106.9,105.1,20.7424,1.1,2.0,0.5,9.876594942655675,9.400411244095578,SYN0402,synthetic,empirical_constrained_simulation_v1
2034-09-01,Taboneo,East Coast India,Thermal Coal,Panamax,75000.0,1390.0,610.0,139.2,92.8,39.818000000000005,2.8,3.0,2.0,9.400411244095578,11.750514055119472,SYN0402,synthetic,empirical_constrained_simulation_v1
2034-10-01,Taboneo,East Coast India,Thermal Coal,Panamax,75000.0,1980.0,640.0,98.6,97.2,24.4464,1.5,2.0,0.5,11.750514055119472,11.150960761862684,SYN0402,synthetic,empirical_constrained_simulation_v1
2034-11-01,Taboneo,East Coast India,Thermal Coal,Panamax,75000.0,1820.0,655.0,135.0,112.8,22.224,1.4,2.0,0.5,11.150960761862684,12.636422575222602,SYN0402,synthetic,empirical_constrained_simulation_v1
2034-12-01,Taboneo,East Coast India,Thermal Coal,Panamax,75000.0,1910.0,650.0,129.8,102.2,25.002,1.5,2.0,1.0,12.636422575222602,12.503877751674837,SYN0402,synthetic,empirical_constrained_simulation_v1
2035-01-01,Taboneo,East Coast India,Thermal Coal,Panamax,75000.0,1350.0,605.0,145.8,99.9,50.004000000000005,3.7,2.0,3.0,12.503877751674837,13.118763320336578,SYN0402,synthetic,empirical_constrained_simulation_v1
2035-02-01,Taboneo,East Coast India,Thermal Coal,Panamax,75000.0,1350.0,605.0,145.8,99.9,50.004000000000005,3.7,2.0,3.0,13.118763320336578,12.154544334966184,SYN0402,synthetic,empirical_constrained_simulation_v1
2035-03-01,Taboneo,East Coast India,Thermal Coal,Panamax,75000.0,2080.0,652.0,109.0,92.3,46.6704,3.4,3.0,3.0,12.154544334966184,12.793113188674296,SYN0402,synthetic,empirical_constrained_simulation_v1
2035-04-01,Taboneo,East Coast India,Thermal Coal,Panamax,75000.0,1850.0,635.0,107.5,103.5,31.484,2.2,5.0,4.0,12.793113188674296,13.413169439615462,SYN0402,synthetic,empirical_constrained_simulation_v1
2035-05-01,Taboneo,East Coast India,Thermal Coal,Panamax,75000.0,2080.0,652.0,109.0,92.3,46.6704,3.4,3.0,3.0,13.413169439615462,13.353196620120125,SYN0402,synthetic,empirical_constrained_simulation_v1
2035-06-01,Taboneo,East Coast India,Thermal Coal,Panamax,75000.0,1380.0,595.0,118.6,99.6,22.224,1.3,2.0,0.5,13.353196620120125,11.78833053497396,SYN0402,synthetic,empirical_constrained_simulation_v1
2035-07-01,Taboneo,East Coast India,Thermal Coal,Panamax,75000.0,1380.0,595.0,118.6,99.6,22.224,1.3,2.0,0.5,11.78833053497396,11.923755614068183,SYN0402,synthetic,empirical_constrained_simulation_v1
2035-08-01,Taboneo,East Coast India,Thermal Coal,Panamax,75000.0,1850.0,635.0,107.5,103.5,31.484,2.2,5.0,4.0,11.923755614068183,8.942816710551137,SYN0402,synthetic,empirical_constrained_simulation_v1
2035-09-01,Taboneo,East Coast India,Thermal Coal,Panamax,75000.0,1350.0,605.0,145.8,99.9,50.004000000000005,3.7,2.0,3.0,8.942816710551137,9.785692642887845,SYN0402,synthetic,empirical_constrained_simulation_v1
2035-10-01,Taboneo,East Coast India,Thermal Coal,Panamax,75000.0,1390.0,610.0,139.2,92.8,39.818000000000005,2.8,3.0,2.0,9.785692642887845,11.28775506518637,SYN0402,synthetic,empirical_constrained_simulation_v1
2035-11-01,Taboneo,East Coast India,Thermal Coal,Panamax,75000.0,1740.0,630.0,146.6,101.4,30.0024,2.1,5.0,3.5,11.28775506518637,12.704245960023849,SYN0402,synthetic,empirical_constrained_simulation_v1
2035-12-01,Taboneo,East Coast India,Thermal Coal,Panamax,75000.0,1820.0,655.0,135.0,112.8,22.224,1.4,2.0,0.5,12.704245960023849,12.10894179516801,SYN0402,synthetic,empirical_constrained_simulation_v1
2036-01-01,Taboneo,East Coast India,Thermal Coal,Panamax,75000.0,1460.0,608.0,112.2,99.7,52.2264,3.8,2.0,3.5,12.10894179516801,12.179518500700642,SYN0402,synthetic,empirical_constrained_simulation_v1
2036-02-01,Taboneo,East Coast India,Thermal Coal,Panamax,75000.0,1680.0,645.0,131.5,109.8,19.446,1.1,1.0,0.0,12.179518500700642,11.096284181557365,SYN0402,synthetic,empirical_constrained_simulation_v1
2036-03-01,Taboneo,East Coast India,Thermal Coal,Panamax,75000.0,1540.0,620.0,112.9,97.3,55.189600000000006,4.1,2.0,4.0,11.096284181557365,13.388981315031755,SYN0402,synthetic,empirical_constrained_simulation_v1
2036-04-01,Taboneo,East Coast India,Thermal Coal,Panamax,75000.0,1850.0,635.0,107.5,103.5,31.484,2.2,5.0,4.0,13.388981315031755,15.731649652526306,SYN0402,synthetic,empirical_constrained_simulation_v1
2036-05-01,Taboneo,East Coast India,Thermal Coal,Panamax,75000.0,1500.0,614.0,106.3,103.3,40.744,2.9,3.0,2.0,15.731649652526306,15.176865281986982,SYN0402,synthetic,empirical_constrained_simulation_v1
2036-06-01,Taboneo,East Coast India,Thermal Coal,Panamax,75000.0,1560.0,638.0,124.2,124.4,21.853600000000004,1.2,2.0,0.5,15.176865281986982,16.485162640900224,SYN0402,synthetic,empirical_constrained_simulation_v1
2036-07-01,Taboneo,East Coast India,Thermal Coal,Panamax,75000.0,2080.0,652.0,109.0,92.3,46.6704,3.4,3.0,3.0,16.485162640900224,18.550595075743107,SYN0402,synthetic,empirical_constrained_simulation_v1
2036-08-01,Taboneo,East Coast India,Thermal Coal,Panamax,75000.0,2080.0,652.0,109.0,92.3,46.6704,3.4,3.0,3.0,18.550595075743107,20.22082679167264,SYN0402,synthetic,empirical_constrained_simulation_v1
2036-09-01,Taboneo,East Coast India,Thermal Coal,Panamax,75000.0,1740.0,630.0,146.6,101.4,30.0024,2.1,5.0,3.5,20.22082679167264,25.276033489590798,SYN0402,synthetic,empirical_constrained_simulation_v1
2036-10-01,Taboneo,East Coast India,Thermal Coal,Panamax,75000.0,1880.0,648.0,142.1,100.5,27.78,1.9,4.0,2.5,25.276033489590798,22.689437622560803,SYN0402,synthetic,empirical_constrained_simulation_v1
2036-11-01,Taboneo,East Coast India,Thermal Coal,Panamax,75000.0,1420.0,615.0,137.6,106.9,52.782,3.9,2.0,3.5,22.689437622560803,18.72936622115279,SYN0402,synthetic,empirical_constrained_simulation_v1
2036-12-01,Taboneo,East Coast India,Thermal Coal,Panamax,75000.0,1540.0,620.0,112.9,97.3,55.189600000000006,4.1,2.0,4.0,18.72936622115279,18.847454423110612,SYN0402,synthetic,empirical_constrained_simulation_v1
2037-01-01,Taboneo,East Coast India,Thermal Coal,Panamax,75000.0,1970.0,646.0,112.6,102.5,28.706000000000003,1.9,4.0,2.5,18.847454423110612,18.97332069504352,SYN0402,synthetic,empirical_constrained_simulation_v1
2037-02-01,Taboneo,East Coast India,Thermal Coal,Panamax,75000.0,1360.0,592.0,104.0,100.1,20.001600000000003,1.1,1.0,0.0,18.97332069504352,19.128896541797783,SYN0402,synthetic,empirical_constrained_simulation_v1
2037-03-01,Taboneo,East Coast India,Thermal Coal,Panamax,75000.0,1560.0,638.0,124.2,124.4,21.853600000000004,1.2,2.0,0.5,19.128896541797783,21.239831479861778,SYN0402,synthetic,empirical_constrained_simulation_v1
2037-04-01,Taboneo,East Coast India,Thermal Coal,Panamax,75000.0,1820.0,655.0,135.0,112.8,22.224,1.4,2.0,0.5,21.239831479861778,20.32003291749571,SYN0402,synthetic,empirical_constrained_simulation_v1
2037-05-01,Taboneo,East Coast India,Thermal Coal,Panamax,75000.0,1970.0,646.0,112.6,102.5,28.706000000000003,1.9,4.0,2.5,20.32003291749571,22.11562848050435,SYN0402,synthetic,empirical_constrained_simulation_v1
2037-06-01,Taboneo,East Coast India,Thermal Coal,Panamax,75000.0,1950.0,660.0,142.0,118.9,34.262,2.4,4.0,2.0,22.11562848050435,21.258636116178995,SYN0402,synthetic,empirical_constrained_simulation_v1
2037-07-01,Taboneo,East Coast India,Thermal Coal,Panamax,75000.0,1420.0,615.0,137.6,106.9,52.782,3.9,2.0,3.5,21.258636116178995,21.79770629056014,SYN0402,synthetic,empirical_constrained_simulation_v1
2037-08-01,Taboneo,East Coast India,Thermal Coal,Panamax,75000.0,1500.0,614.0,106.3,103.3,40.744,2.9,3.0,2.0,21.79770629056014,20.009445629633188,SYN0402,synthetic,empirical_constrained_simulation_v1
2037-09-01,Taboneo,East Coast India,Thermal Coal,Panamax,75000.0,1420.0,615.0,137.6,106.9,52.782,3.9,2.0,3.5,20.009445629633188,18.420614518742674,SYN0402,synthetic,empirical_constrained_simulation_v1
2037-10-01,Taboneo,East Coast India,Thermal Coal,Panamax,75000.0,1360.0,592.0,104.0,100.1,20.001600000000003,1.1,1.0,0.0,18.420614518742674,18.40855960335749,SYN0402,synthetic,empirical_constrained_simulation_v1
2037-11-01,Taboneo,East Coast India,Thermal Coal,Panamax,75000.0,1500.0,614.0,106.3,103.3,40.744,2.9,3.0,2.0,18.40855960335749,22.085277309002525,SYN0402,synthetic,empirical_constrained_simulation_v1
2037-12-01,Taboneo,East Coast India,Thermal Coal,Panamax,75000.0,1910.0,650.0,129.8,102.2,25.002,1.5,2.0,1.0,22.085277309002525,21.420960230076748,SYN0402,synthetic,empirical_constrained_simulation_v1
2038-01-01,Taboneo,East Coast India,Thermal Coal,Panamax,75000.0,1360.0,592.0,104.0,100.1,20.001600000000003,1.1,1.0,0.0,21.420960230076748,18.52368336708063,SYN0402,synthetic,empirical_constrained_simulation_v1
2038-02-01,Taboneo,East Coast India,Thermal Coal,Panamax,75000.0,1310.0,588.0,106.9,105.1,20.7424,1.1,2.0,0.5,18.52368336708063,19.732817181801607,SYN0402,synthetic,empirical_constrained_simulation_v1
2038-03-01,Taboneo,East Coast India,Thermal Coal,Panamax,75000.0,1890.0,642.0,135.1,107.5,44.448,3.2,3.0,2.5,19.732817181801607,14.799612886351206,SYN0402,synthetic,empirical_constrained_simulation_v1
2038-04-01,Taboneo,East Coast India,Thermal Coal,Panamax,75000.0,1540.0,620.0,112.9,97.3,55.189600000000006,4.1,2.0,4.0,14.799612886351206,18.49951610793901,SYN0402,synthetic,empirical_constrained_simulation_v1
2046-10-01,Taboneo,East Coast India,Thermal Coal,Panamax,75000.0,1310.0,588.0,106.9,105.1,20.7424,1.1,2.0,0.5,11.6,11.279243659051517,SYN0405,synthetic,empirical_constrained_simulation_v1
2046-11-01,Taboneo,East Coast India,Thermal Coal,Panamax,75000.0,1360.0,592.0,104.0,100.1,20.001600000000003,1.1,1.0,0.0,11.279243659051517,13.684757110193912,SYN0405,synthetic,empirical_constrained_simulation_v1
2046-12-01,Taboneo,East Coast India,Thermal Coal,Panamax,75000.0,1820.0,655.0,135.0,112.8,22.224,1.4,2.0,0.5,13.684757110193912,11.712418993209537,SYN0405,synthetic,empirical_constrained_simulation_v1
2047-01-01,Taboneo,East Coast India,Thermal Coal,Panamax,75000.0,1420.0,615.0,137.6,106.9,52.782,3.9,2.0,3.5,11.712418993209537,13.693622286714033,SYN0405,synthetic,empirical_constrained_simulation_v1
2047-02-01,Taboneo,East Coast India,Thermal Coal,Panamax,75000.0,1980.0,640.0,98.6,97.2,24.4464,1.5,2.0,0.5,13.693622286714033,14.44256162086905,SYN0405,synthetic,empirical_constrained_simulation_v1
2047-03-01,Taboneo,East Coast India,Thermal Coal,Panamax,75000.0,1950.0,660.0,142.0,118.9,34.262,2.4,4.0,2.0,14.44256162086905,10.831921215651787,SYN0405,synthetic,empirical_constrained_simulation_v1
2047-04-01,Taboneo,East Coast India,Thermal Coal,Panamax,75000.0,1420.0,615.0,137.6,106.9,52.782,3.9,2.0,3.5,10.831921215651787,10.59892121171008,SYN0405,synthetic,empirical_constrained_simulation_v1
2047-05-01,Taboneo,East Coast India,Thermal Coal,Panamax,75000.0,1360.0,592.0,104.0,100.1,20.001600000000003,1.1,1.0,0.0,10.59892121171008,9.373701250883915,SYN0405,synthetic,empirical_constrained_simulation_v1
2047-06-01,Taboneo,East Coast India,Thermal Coal,Panamax,75000.0,1500.0,614.0,106.3,103.3,40.744,2.9,3.0,2.0,9.373701250883915,10.361690177062329,SYN0405,synthetic,empirical_constrained_simulation_v1
2047-07-01,Taboneo,East Coast India,Thermal Coal,Panamax,75000.0,1950.0,660.0,142.0,118.9,34.262,2.4,4.0,2.0,10.361690177062329,10.276407393455719,SYN0405,synthetic,empirical_constrained_simulation_v1
2047-08-01,Taboneo,East Coast India,Thermal Coal,Panamax,75000.0,1390.0,610.0,139.2,92.8,39.818000000000005,2.8,3.0,2.0,10.276407393455719,11.280055433150201,SYN0405,synthetic,empirical_constrained_simulation_v1
2047-09-01,Taboneo,East Coast India,Thermal Coal,Panamax,75000.0,1970.0,646.0,112.6,102.5,28.706000000000003,1.9,4.0,2.5,11.280055433150201,12.708592585314731,SYN0405,synthetic,empirical_constrained_simulation_v1
2047-10-01,Taboneo,East Coast India,Thermal Coal,Panamax,75000.0,2080.0,652.0,109.0,92.3,46.6704,3.4,3.0,3.0,12.708592585314731,11.851256789035375,SYN0405,synthetic,empirical_constrained_simulation_v1
2047-11-01,Taboneo,East Coast India,Thermal Coal,Panamax,75000.0,1360.0,592.0,104.0,100.1,20.001600000000003,1.1,1.0,0.0,11.851256789035375,13.069093564469322,SYN0405,synthetic,empirical_constrained_simulation_v1
2047-12-01,Taboneo,East Coast India,Thermal Coal,Panamax,75000.0,1850.0,635.0,107.5,103.5,31.484,2.2,5.0,4.0,13.069093564469322,13.523301512851917,SYN0405,synthetic,empirical_constrained_simulation_v1
2048-01-01,Taboneo,East Coast India,Thermal Coal,Panamax,75000.0,1740.0,630.0,146.6,101.4,30.0024,2.1,5.0,3.5,13.523301512851917,13.275403235086978,SYN0405,synthetic,empirical_constrained_simulation_v1
2048-02-01,Taboneo,East Coast India,Thermal Coal,Panamax,75000.0,1950.0,660.0,142.0,118.9,34.262,2.4,4.0,2.0,13.275403235086978,11.849099779828654,SYN0405,synthetic,empirical_constrained_simulation_v1
2048-03-01,Taboneo,East Coast India,Thermal Coal,Panamax,75000.0,1390.0,610.0,139.2,92.8,39.818000000000005,2.8,3.0,2.0,11.849099779828654,12.820125689987476,SYN0405,synthetic,empirical_constrained_simulation_v1
2048-04-01,Taboneo,East Coast India,Thermal Coal,Panamax,75000.0,1820.0,655.0,135.0,112.8,22.224,1.4,2.0,0.5,12.820125689987476,13.073082881890974,SYN0405,synthetic,empirical_constrained_simulation_v1
2048-05-01,Taboneo,East Coast India,Thermal Coal,Panamax,75000.0,1880.0,648.0,142.1,100.5,27.78,1.9,4.0,2.5,13.073082881890974,14.012671026311638,SYN0405,synthetic,empirical_constrained_simulation_v1
2048-06-01,Taboneo,East Coast India,Thermal Coal,Panamax,75000.0,1970.0,646.0,112.6,102.5,28.706000000000003,1.9,4.0,2.5,14.012671026311638,11.48495099784058,SYN0405,synthetic,empirical_constrained_simulation_v1
2048-07-01,Taboneo,East Coast India,Thermal Coal,Panamax,75000.0,1310.0,588.0,106.9,105.1,20.7424,1.1,2.0,0.5,11.48495099784058,13.017592418593326,SYN0405,synthetic,empirical_constrained_simulation_v1
2048-08-01,Taboneo,East Coast India,Thermal Coal,Panamax,75000.0,1820.0,655.0,135.0,112.8,22.224,1.4,2.0,0.5,13.017592418593326,14.426467500764923,SYN0405,synthetic,empirical_constrained_simulation_v1
2048-09-01,Taboneo,East Coast India,Thermal Coal,Panamax,75000.0,1950.0,660.0,142.0,118.9,34.262,2.4,4.0,2.0,14.426467500764923,11.121675559483291,SYN0405,synthetic,empirical_constrained_simulation_v1
2048-10-01,Taboneo,East Coast India,Thermal Coal,Panamax,75000.0,1380.0,595.0,118.6,99.6,22.224,1.3,2.0,0.5,11.121675559483291,11.258737364226938,SYN0405,synthetic,empirical_constrained_simulation_v1
2048-11-01,Taboneo,East Coast India,Thermal Coal,Panamax,75000.0,1820.0,655.0,135.0,112.8,22.224,1.4,2.0,0.5,11.258737364226938,10.27608182893463,SYN0405,synthetic,empirical_constrained_simulation_v1
2048-12-01,Taboneo,East Coast India,Thermal Coal,Panamax,75000.0,1310.0,588.0,106.9,105.1,20.7424,1.1,2.0,0.5,10.27608182893463,9.605820107339866,SYN0405,synthetic,empirical_constrained_simulation_v1
2049-01-01,Taboneo,East Coast India,Thermal Coal,Panamax,75000.0,1740.0,630.0,146.6,101.4,30.0024,2.1,5.0,3.5,9.605820107339866,7.2043650805049,SYN0405,synthetic,empirical_constrained_simulation_v1
2049-02-01,Taboneo,East Coast India,Thermal Coal,Panamax,75000.0,1420.0,615.0,137.6,106.9,52.782,3.9,2.0,3.5,7.2043650805049,8.001032732932307,SYN0405,synthetic,empirical_constrained_simulation_v1
2049-03-01,Taboneo,East Coast India,Thermal Coal,Panamax,75000.0,1970.0,646.0,112.6,102.5,28.706000000000003,1.9,4.0,2.5,8.001032732932307,9.891822607918044,SYN0405,synthetic,empirical_constrained_simulation_v1
2049-04-01,Taboneo,East Coast India,Thermal Coal,Panamax,75000.0,1970.0,646.0,112.6,102.5,28.706000000000003,1.9,4.0,2.5,9.891822607918044,11.332768352361533,SYN0405,synthetic,empirical_constrained_simulation_v1
2049-05-01,Taboneo,East Coast India,Thermal Coal,Panamax,75000.0,1950.0,660.0,142.0,118.9,34.262,2.4,4.0,2.0,11.332768352361533,11.171083006456923,SYN0405,synthetic,empirical_constrained_simulation_v1
2049-06-01,Taboneo,East Coast India,Thermal Coal,Panamax,75000.0,1420.0,615.0,137.6,106.9,52.782,3.9,2.0,3.5,11.171083006456923,13.963853758071155,SYN0405,synthetic,empirical_constrained_simulation_v1
2049-07-01,Taboneo,East Coast India,Thermal Coal,Panamax,75000.0,1950.0,660.0,142.0,118.9,34.262,2.4,4.0,2.0,13.963853758071155,15.628454848924642,SYN0405,synthetic,empirical_constrained_simulation_v1
2049-08-01,Taboneo,East Coast India,Thermal Coal,Panamax,75000.0,1740.0,630.0,146.6,101.4,30.0024,2.1,5.0,3.5,15.628454848924642,13.809097199235064,SYN0405,synthetic,empirical_constrained_simulation_v1
2049-09-01,Taboneo,East Coast India,Thermal Coal,Panamax,75000.0,2080.0,652.0,109.0,92.3,46.6704,3.4,3.0,3.0,13.809097199235064,15.327726106737481,SYN0405,synthetic,empirical_constrained_simulation_v1
2049-10-01,Taboneo,East Coast India,Thermal Coal,Panamax,75000.0,1500.0,614.0,106.3,103.3,40.744,2.9,3.0,2.0,15.327726106737481,14.078038849998775,SYN0405,synthetic,empirical_constrained_simulation_v1
2049-11-01,Taboneo,East Coast India,Thermal Coal,Panamax,75000.0,1380.0,595.0,118.6,99.6,22.224,1.3,2.0,0.5,14.078038849998775,13.865843466459184,SYN0405,synthetic,empirical_constrained_simulation_v1
2049-12-01,Taboneo,East Coast India,Thermal Coal,Panamax,75000.0,1910.0,650.0,129.8,102.2,25.002,1.5,2.0,1.0,13.865843466459184,13.069161145085918,SYN0405,synthetic,empirical_constrained_simulation_v1
2050-01-01,Taboneo,East Coast India,Thermal Coal,Panamax,75000.0,1890.0,642.0,135.1,107.5,44.448,3.2,3.0,2.5,13.069161145085918,13.388054606774048,SYN0405,synthetic,empirical_constrained_simulation_v1
2050-02-01,Taboneo,East Coast India,Thermal Coal,Panamax,75000.0,1420.0,615.0,137.6,106.9,52.782,3.9,2.0,3.5,13.388054606774048,13.126726198857778,SYN0405,synthetic,empirical_constrained_simulation_v1
2050-03-01,Taboneo,East Coast India,Thermal Coal,Panamax,75000.0,1850.0,635.0,107.5,103.5,31.484,2.2,5.0,4.0,13.126726198857778,12.937138616385093,SYN0405,synthetic,empirical_constrained_simulation_v1
2050-04-01,Taboneo,East Coast India,Thermal Coal,Panamax,75000.0,1310.0,588.0,106.9,105.1,20.7424,1.1,2.0,0.5,12.937138616385093,12.943670659920654,SYN0405,synthetic,empirical_constrained_simulation_v1
2050-05-01,Taboneo,East Coast India,Thermal Coal,Panamax,75000.0,1350.0,605.0,145.8,99.9,50.004000000000005,3.7,2.0,3.0,12.943670659920654,13.163369406802676,SYN0405,synthetic,empirical_constrained_simulation_v1
2050-06-01,Taboneo,East Coast India,Thermal Coal,Panamax,75000.0,1950.0,660.0,142.0,118.9,34.262,2.4,4.0,2.0,13.163369406802676,9.872527055102008,SYN0405,synthetic,empirical_constrained_simulation_v1
2050-07-01,Taboneo,East Coast India,Thermal Coal,Panamax,75000.0,1350.0,605.0,145.8,99.9,50.004000000000005,3.7,2.0,3.0,9.872527055102008,10.559876668676868,SYN0405,synthetic,empirical_constrained_simulation_v1
2050-08-01,Taboneo,East Coast India,Thermal Coal,Panamax,75000.0,1390.0,610.0,139.2,92.8,39.818000000000005,2.8,3.0,2.0,10.559876668676868,9.249084173979373,SYN0405,synthetic,empirical_constrained_simulation_v1
2050-09-01,Taboneo,East Coast India,Thermal Coal,Panamax,75000.0,1540.0,620.0,112.9,97.3,55.189600000000006,4.1,2.0,4.0,9.249084173979373,11.561355217474215,SYN0405,synthetic,empirical_constrained_simulation_v1
2050-10-01,Taboneo,East Coast India,Thermal Coal,Panamax,75000.0,1980.0,640.0,98.6,97.2,24.4464,1.5,2.0,0.5,11.561355217474215,9.30534130815861,SYN0405,synthetic,empirical_constrained_simulation_v1
2050-12-01,Taboneo,East Coast India,Thermal Coal,Panamax,75000.0,1890.0,642.0,135.1,107.5,44.448,3.2,3.0,2.5,10.3,8.333492749430741,SYN0406,synthetic,empirical_constrained_simulation_v1
2051-01-01,Taboneo,East Coast India,Thermal Coal,Panamax,75000.0,1540.0,620.0,112.9,97.3,55.189600000000006,4.1,2.0,4.0,8.333492749430741,7.940179096313715,SYN0406,synthetic,empirical_constrained_simulation_v1
2051-02-01,Taboneo,East Coast India,Thermal Coal,Panamax,75000.0,1460.0,608.0,112.2,99.7,52.2264,3.8,2.0,3.5,7.940179096313715,8.546675490635224,SYN0406,synthetic,empirical_constrained_simulation_v1
2051-03-01,Taboneo,East Coast India,Thermal Coal,Panamax,75000.0,1980.0,640.0,98.6,97.2,24.4464,1.5,2.0,0.5,8.546675490635224,9.236895306161953,SYN0406,synthetic,empirical_constrained_simulation_v1
2051-04-01,Taboneo,East Coast India,Thermal Coal,Panamax,75000.0,1380.0,595.0,118.6,99.6,22.224,1.3,2.0,0.5,9.236895306161953,9.3997287876716,SYN0406,synthetic,empirical_constrained_simulation_v1
2051-05-01,Taboneo,East Coast India,Thermal Coal,Panamax,75000.0,1500.0,614.0,106.3,103.3,40.744,2.9,3.0,2.0,9.3997287876716,9.451718713390477,SYN0406,synthetic,empirical_constrained_simulation_v1
2051-06-01,Taboneo,East Coast India,Thermal Coal,Panamax,75000.0,2150.0,658.0,104.4,97.0,36.6696,2.6,5.0,2.5,9.451718713390477,9.41308816047857,SYN0406,synthetic,empirical_constrained_simulation_v1
2051-07-01,Taboneo,East Coast India,Thermal Coal,Panamax,75000.0,2080.0,652.0,109.0,92.3,46.6704,3.4,3.0,3.0,9.41308816047857,11.76636020059821,SYN0406,synthetic,empirical_constrained_simulation_v1
2051-08-01,Taboneo,East Coast India,Thermal Coal,Panamax,75000.0,1980.0,640.0,98.6,97.2,24.4464,1.5,2.0,0.5,11.76636020059821,11.214294541123499,SYN0406,synthetic,empirical_constrained_simulation_v1
2051-09-01,Taboneo,East Coast India,Thermal Coal,Panamax,75000.0,1680.0,645.0,131.5,109.8,19.446,1.1,1.0,0.0,11.214294541123499,8.458588456208956,SYN0406,synthetic,empirical_constrained_simulation_v1
2051-10-01,Taboneo,East Coast India,Thermal Coal,Panamax,75000.0,1420.0,615.0,137.6,106.9,52.782,3.9,2.0,3.5,8.458588456208956,7.420875752593092,SYN0406,synthetic,empirical_constrained_simulation_v1
2051-11-01,Taboneo,East Coast India,Thermal Coal,Panamax,75000.0,1380.0,595.0,118.6,99.6,22.224,1.3,2.0,0.5,7.420875752593092,7.828361389922034,SYN0406,synthetic,empirical_constrained_simulation_v1
2051-12-01,Taboneo,East Coast India,Thermal Coal,Panamax,75000.0,1390.0,610.0,139.2,92.8,39.818000000000005,2.8,3.0,2.0,7.828361389922034,9.15230646658348,SYN0406,synthetic,empirical_constrained_simulation_v1
2052-01-01,Taboneo,East Coast India,Thermal Coal,Panamax,75000.0,1740.0,630.0,146.6,101.4,30.0024,2.1,5.0,3.5,9.15230646658348,9.745285294972048,SYN0406,synthetic,empirical_constrained_simulation_v1
2052-02-01,Taboneo,East Coast India,Thermal Coal,Panamax,75000.0,1910.0,650.0,129.8,102.2,25.002,1.5,2.0,1.0,9.745285294972048,9.619059988319258,SYN0406,synthetic,empirical_constrained_simulation_v1
2052-03-01,Taboneo,East Coast India,Thermal Coal,Panamax,75000.0,2080.0,652.0,109.0,92.3,46.6704,3.4,3.0,3.0,9.619059988319258,9.904367931230547,SYN0406,synthetic,empirical_constrained_simulation_v1
2052-04-01,Taboneo,East Coast India,Thermal Coal,Panamax,75000.0,1910.0,650.0,129.8,102.2,25.002,1.5,2.0,1.0,9.904367931230547,10.493979301205592,SYN0406,synthetic,empirical_constrained_simulation_v1
2052-05-01,Taboneo,East Coast India,Thermal Coal,Panamax,75000.0,1950.0,660.0,142.0,118.9,34.262,2.4,4.0,2.0,10.493979301205592,10.325474391572032,SYN0406,synthetic,empirical_constrained_simulation_v1
2052-06-01,Taboneo,East Coast India,Thermal Coal,Panamax,75000.0,2080.0,652.0,109.0,92.3,46.6704,3.4,3.0,3.0,10.325474391572032,10.115917484473036,SYN0406,synthetic,empirical_constrained_simulation_v1
2052-07-01,Taboneo,East Coast India,Thermal Coal,Panamax,75000.0,1500.0,614.0,106.3,103.3,40.744,2.9,3.0,2.0,10.115917484473036,10.580842994978793,SYN0406,synthetic,empirical_constrained_simulation_v1
2052-08-01,Taboneo,East Coast India,Thermal Coal,Panamax,75000.0,1740.0,630.0,146.6,101.4,30.0024,2.1,5.0,3.5,10.580842994978793,11.361580449512068,SYN0406,synthetic,empirical_constrained_simulation_v1
2052-09-01,Taboneo,East Coast India,Thermal Coal,Panamax,75000.0,1970.0,646.0,112.6,102.5,28.706000000000003,1.9,4.0,2.5,11.361580449512068,11.110760630666688,SYN0406,synthetic,empirical_constrained_simulation_v1
2052-10-01,Taboneo,East Coast India,Thermal Coal,Panamax,75000.0,1540.0,620.0,112.9,97.3,55.189600000000006,4.1,2.0,4.0,11.110760630666688,10.852838589516754,SYN0406,synthetic,empirical_constrained_simulation_v1
2052-11-01,Taboneo,East Coast India,Thermal Coal,Panamax,75000.0,1910.0,650.0,129.8,102.2,25.002,1.5,2.0,1.0,10.852838589516754,11.777914481189718,SYN0406,synthetic,empirical_constrained_simulation_v1
2052-12-01,Taboneo,East Coast India,Thermal Coal,Panamax,75000.0,1850.0,635.0,107.5,103.5,31.484,2.2,5.0,4.0,11.777914481189718,14.500858024711661,SYN0406,synthetic,empirical_constrained_simulation_v1
2053-01-01,Taboneo,East Coast India,Thermal Coal,Panamax,75000.0,1740.0,630.0,146.6,101.4,30.0024,2.1,5.0,3.5,14.500858024711661,14.754643942912246,SYN0406,synthetic,empirical_constrained_simulation_v1
2053-02-01,Taboneo,East Coast India,Thermal Coal,Panamax,75000.0,1820.0,655.0,135.0,112.8,22.224,1.4,2.0,0.5,14.754643942912246,14.476846516598425,SYN0406,synthetic,empirical_constrained_simulation_v1
2053-03-01,Taboneo,East Coast India,Thermal Coal,Panamax,75000.0,1500.0,614.0,106.3,103.3,40.744,2.9,3.0,2.0,14.476846516598425,16.448226619415685,SYN0406,synthetic,empirical_constrained_simulation_v1
2053-04-01,Taboneo,East Coast India,Thermal Coal,Panamax,75000.0,1820.0,655.0,135.0,112.8,22.224,1.4,2.0,0.5,16.448226619415685,18.30500753875016,SYN0406,synthetic,empirical_constrained_simulation_v1
2053-05-01,Taboneo,East Coast India,Thermal Coal,Panamax,75000.0,2150.0,658.0,104.4,97.0,36.6696,2.6,5.0,2.5,18.30500753875016,17.570783009528064,SYN0406,synthetic,empirical_constrained_simulation_v1
2053-06-01,Taboneo,East Coast India,Thermal Coal,Panamax,75000.0,2080.0,652.0,109.0,92.3,46.6704,3.4,3.0,3.0,17.570783009528064,20.06316374386038,SYN0406,synthetic,empirical_constrained_simulation_v1
2053-07-01,Taboneo,East Coast India,Thermal Coal,Panamax,75000.0,1910.0,650.0,129.8,102.2,25.002,1.5,2.0,1.0,20.06316374386038,20.40176090091728,SYN0406,synthetic,empirical_constrained_simulation_v1
2053-08-01,Taboneo,East Coast India,Thermal Coal,Panamax,75000.0,1890.0,642.0,135.1,107.5,44.448,3.2,3.0,2.5,20.40176090091728,22.20290979632629,SYN0406,synthetic,empirical_constrained_simulation_v1
2053-09-01,Taboneo,East Coast India,Thermal Coal,Panamax,75000.0,1950.0,660.0,142.0,118.9,34.262,2.4,4.0,2.0,22.20290979632629,16.79039706640566,SYN0406,synthetic,empirical_constrained_simulation_v1
2053-10-01,Taboneo,East Coast India,Thermal Coal,Panamax,75000.0,1380.0,595.0,118.6,99.6,22.224,1.3,2.0,0.5,16.79039706640566,15.54846594025044,SYN0406,synthetic,empirical_constrained_simulation_v1
2053-11-01,Taboneo,East Coast India,Thermal Coal,Panamax,75000.0,1360.0,592.0,104.0,100.1,20.001600000000003,1.1,1.0,0.0,15.54846594025044,16.30841499033659,SYN0406,synthetic,empirical_constrained_simulation_v1
2053-12-01,Taboneo,East Coast India,Thermal Coal,Panamax,75000.0,1910.0,650.0,129.8,102.2,25.002,1.5,2.0,1.0,16.30841499033659,17.000165809165445,SYN0406,synthetic,empirical_constrained_simulation_v1
2054-01-01,Taboneo,East Coast India,Thermal Coal,Panamax,75000.0,1980.0,640.0,98.6,97.2,24.4464,1.5,2.0,0.5,17.000165809165445,17.179616998226564,SYN0406,synthetic,empirical_constrained_simulation_v1
2054-02-01,Taboneo,East Coast India,Thermal Coal,Panamax,75000.0,1680.0,645.0,131.5,109.8,19.446,1.1,1.0,0.0,17.179616998226564,15.283295369199234,SYN0406,synthetic,empirical_constrained_simulation_v1
2054-03-01,Taboneo,East Coast India,Thermal Coal,Panamax,75000.0,1380.0,595.0,118.6,99.6,22.224,1.3,2.0,0.5,15.283295369199234,15.519801629477483,SYN0406,synthetic,empirical_constrained_simulation_v1
2054-04-01,Taboneo,East Coast India,Thermal Coal,Panamax,75000.0,1360.0,592.0,104.0,100.1,20.001600000000003,1.1,1.0,0.0,15.519801629477483,19.399752036846852,SYN0406,synthetic,empirical_constrained_simulation_v1
2054-05-01,Taboneo,East Coast India,Thermal Coal,Panamax,75000.0,1980.0,640.0,98.6,97.2,24.4464,1.5,2.0,0.5,19.399752036846852,18.2207044160543,SYN0406,synthetic,empirical_constrained_simulation_v1
2054-06-01,Taboneo,East Coast India,Thermal Coal,Panamax,75000.0,1390.0,610.0,139.2,92.8,39.818000000000005,2.8,3.0,2.0,18.2207044160543,17.222337490406073,SYN0406,synthetic,empirical_constrained_simulation_v1
2054-07-01,Taboneo,East Coast India,Thermal Coal,Panamax,75000.0,1390.0,610.0,139.2,92.8,39.818000000000005,2.8,3.0,2.0,17.222337490406073,12.916753117804554,SYN0406,synthetic,empirical_constrained_simulation_v1
2054-08-01,Taboneo,East Coast India,Thermal Coal,Panamax,75000.0,1310.0,588.0,106.9,105.1,20.7424,1.1,2.0,0.5,12.916753117804554,12.064424437019467,SYN0406,synthetic,empirical_constrained_simulation_v1
2054-09-01,Taboneo,East Coast India,Thermal Coal,Panamax,75000.0,1310.0,588.0,106.9,105.1,20.7424,1.1,2.0,0.5,12.064424437019467,12.675095033561128,SYN0406,synthetic,empirical_constrained_simulation_v1
2054-10-01,Taboneo,East Coast India,Thermal Coal,Panamax,75000.0,1910.0,650.0,129.8,102.2,25.002,1.5,2.0,1.0,12.675095033561128,13.582062310491864,SYN0406,synthetic,empirical_constrained_simulation_v1
2054-11-01,Taboneo,East Coast India,Thermal Coal,Panamax,75000.0,1360.0,592.0,104.0,100.1,20.001600000000003,1.1,1.0,0.0,13.582062310491864,12.97440483814206,SYN0406,synthetic,empirical_constrained_simulation_v1
2054-12-01,Taboneo,East Coast India,Thermal Coal,Panamax,75000.0,1540.0,620.0,112.9,97.3,55.189600000000006,4.1,2.0,4.0,12.97440483814206,11.827891001675347,SYN0406,synthetic,empirical_constrained_simulation_v1
2055-02-01,Taboneo,East Coast India,Thermal Coal,Panamax,75000.0,1980.0,640.0,98.6,97.2,24.4464,1.5,2.0,0.5,9.7,9.595927018812173,SYN0407,synthetic,empirical_constrained_simulation_v1
2055-03-01,Taboneo,East Coast India,Thermal Coal,Panamax,75000.0,1880.0,648.0,142.1,100.5,27.78,1.9,4.0,2.5,9.595927018812173,9.506357884172674,SYN0407,synthetic,empirical_constrained_simulation_v1
2055-04-01,Taboneo,East Coast India,Thermal Coal,Panamax,75000.0,1380.0,595.0,118.6,99.6,22.224,1.3,2.0,0.5,9.506357884172674,8.659080874425573,SYN0407,synthetic,empirical_constrained_simulation_v1
2055-05-01,Taboneo,East Coast India,Thermal Coal,Panamax,75000.0,1380.0,595.0,118.6,99.6,22.224,1.3,2.0,0.5,8.659080874425573,8.797532610508409,SYN0407,synthetic,empirical_constrained_simulation_v1
2055-06-01,Taboneo,East Coast India,Thermal Coal,Panamax,75000.0,2080.0,652.0,109.0,92.3,46.6704,3.4,3.0,3.0,8.797532610508409,9.344099757537425,SYN0407,synthetic,empirical_constrained_simulation_v1
2055-07-01,Taboneo,East Coast India,Thermal Coal,Panamax,75000.0,1880.0,648.0,142.1,100.5,27.78,1.9,4.0,2.5,9.344099757537425,10.304461462115096,SYN0407,synthetic,empirical_constrained_simulation_v1
2055-08-01,Taboneo,East Coast India,Thermal Coal,Panamax,75000.0,1820.0,655.0,135.0,112.8,22.224,1.4,2.0,0.5,10.304461462115096,10.514906608286305,SYN0407,synthetic,empirical_constrained_simulation_v1
2055-09-01,Taboneo,East Coast India,Thermal Coal,Panamax,75000.0,1910.0,650.0,129.8,102.2,25.002,1.5,2.0,1.0,10.514906608286305,10.163269420458349,SYN0407,synthetic,empirical_constrained_simulation_v1
2055-10-01,Taboneo,East Coast India,Thermal Coal,Panamax,75000.0,1560.0,638.0,124.2,124.4,21.853600000000004,1.2,2.0,0.5,10.163269420458349,11.681799314500324,SYN0407,synthetic,empirical_constrained_simulation_v1
2055-11-01,Taboneo,East Coast India,Thermal Coal,Panamax,75000.0,1910.0,650.0,129.8,102.2,25.002,1.5,2.0,1.0,11.681799314500324,8.761349485875243,SYN0407,synthetic,empirical_constrained_simulation_v1
2055-12-01,Taboneo,East Coast India,Thermal Coal,Panamax,75000.0,1350.0,605.0,145.8,99.9,50.004000000000005,3.7,2.0,3.0,8.761349485875243,9.147317572135302,SYN0407,synthetic,empirical_constrained_simulation_v1
2056-01-01,Taboneo,East Coast India,Thermal Coal,Panamax,75000.0,1880.0,648.0,142.1,100.5,27.78,1.9,4.0,2.5,9.147317572135302,8.888456473562375,SYN0407,synthetic,empirical_constrained_simulation_v1
2056-02-01,Taboneo,East Coast India,Thermal Coal,Panamax,75000.0,1360.0,592.0,104.0,100.1,20.001600000000003,1.1,1.0,0.0,8.888456473562375,10.846644297692201,SYN0407,synthetic,empirical_constrained_simulation_v1
2056-03-01,Taboneo,East Coast India,Thermal Coal,Panamax,75000.0,1850.0,635.0,107.5,103.5,31.484,2.2,5.0,4.0,10.846644297692201,8.218050758791373,SYN0407,synthetic,empirical_constrained_simulation_v1
2056-04-01,Taboneo,East Coast India,Thermal Coal,Panamax,75000.0,1380.0,595.0,118.6,99.6,22.224,1.3,2.0,0.5,8.218050758791373,6.586800771418214,SYN0407,synthetic,empirical_constrained_simulation_v1
2056-05-01,Taboneo,East Coast India,Thermal Coal,Panamax,75000.0,1380.0,595.0,118.6,99.6,22.224,1.3,2.0,0.5,6.586800771418214,6.695063568114033,SYN0407,synthetic,empirical_constrained_simulation_v1
2056-06-01,Taboneo,East Coast India,Thermal Coal,Panamax,75000.0,1500.0,614.0,106.3,103.3,40.744,2.9,3.0,2.0,6.695063568114033,5.779277915491015,SYN0407,synthetic,empirical_constrained_simulation_v1
2056-07-01,Taboneo,East Coast India,Thermal Coal,Panamax,75000.0,1980.0,640.0,98.6,97.2,24.4464,1.5,2.0,0.5,5.779277915491015,6.295344993112384,SYN0407,synthetic,empirical_constrained_simulation_v1
2056-08-01,Taboneo,East Coast India,Thermal Coal,Panamax,75000.0,1820.0,655.0,135.0,112.8,22.224,1.4,2.0,0.5,6.295344993112384,6.495989094978208,SYN0407,synthetic,empirical_constrained_simulation_v1
2056-09-01,Taboneo,East Coast India,Thermal Coal,Panamax,75000.0,1310.0,588.0,106.9,105.1,20.7424,1.1,2.0,0.5,6.495989094978208,7.571578770520021,SYN0407,synthetic,empirical_constrained_simulation_v1
2056-10-01,Taboneo,East Coast India,Thermal Coal,Panamax,75000.0,1970.0,646.0,112.6,102.5,28.706000000000003,1.9,4.0,2.5,7.571578770520021,7.346742302770646,SYN0407,synthetic,empirical_constrained_simulation_v1
2056-11-01,Taboneo,East Coast India,Thermal Coal,Panamax,75000.0,1970.0,646.0,112.6,102.5,28.706000000000003,1.9,4.0,2.5,7.346742302770646,5.704824959301672,SYN0407,synthetic,empirical_constrained_simulation_v1
2056-12-01,Taboneo,East Coast India,Thermal Coal,Panamax,75000.0,1540.0,620.0,112.9,97.3,55.189600000000006,4.1,2.0,4.0,5.704824959301672,6.209325503263319,SYN0407,synthetic,empirical_constrained_simulation_v1
2057-01-01,Taboneo,East Coast India,Thermal Coal,Panamax,75000.0,1360.0,592.0,104.0,100.1,20.001600000000003,1.1,1.0,0.0,6.209325503263319,7.7616568790791485,SYN0407,synthetic,empirical_constrained_simulation_v1
2057-02-01,Taboneo,East Coast India,Thermal Coal,Panamax,75000.0,2150.0,658.0,104.4,97.0,36.6696,2.6,5.0,2.5,7.7616568790791485,7.752187863716326,SYN0407,synthetic,empirical_constrained_simulation_v1
2057-03-01,Taboneo,East Coast India,Thermal Coal,Panamax,75000.0,2150.0,658.0,104.4,97.0,36.6696,2.6,5.0,2.5,7.752187863716326,9.690234829645409,SYN0407,synthetic,empirical_constrained_simulation_v1
2057-04-01,Taboneo,East Coast India,Thermal Coal,Panamax,75000.0,2150.0,658.0,104.4,97.0,36.6696,2.6,5.0,2.5,9.690234829645409,11.64025483018963,SYN0407,synthetic,empirical_constrained_simulation_v1
2057-05-01,Taboneo,East Coast India,Thermal Coal,Panamax,75000.0,1850.0,635.0,107.5,103.5,31.484,2.2,5.0,4.0,11.64025483018963,12.208872571221193,SYN0407,synthetic,empirical_constrained_simulation_v1
2057-06-01,Taboneo,East Coast India,Thermal Coal,Panamax,75000.0,1950.0,660.0,142.0,118.9,34.262,2.4,4.0,2.0,12.208872571221193,11.315584280685922,SYN0407,synthetic,empirical_constrained_simulation_v1
2057-07-01,Taboneo,East Coast India,Thermal Coal,Panamax,75000.0,1680.0,645.0,131.5,109.8,19.446,1.1,1.0,0.0,11.315584280685922,10.082656352270542,SYN0407,synthetic,empirical_constrained_simulation_v1
2057-08-01,Taboneo,East Coast India,Thermal Coal,Panamax,75000.0,1680.0,645.0,131.5,109.8,19.446,1.1,1.0,0.0,10.082656352270542,10.36767682169486,SYN0407,synthetic,empirical_constrained_simulation_v1
2057-09-01,Taboneo,East Coast India,Thermal Coal,Panamax,75000.0,1360.0,592.0,104.0,100.1,20.001600000000003,1.1,1.0,0.0,10.36767682169486,9.888980687429749,SYN0407,synthetic,empirical_constrained_simulation_v1
2057-10-01,Taboneo,East Coast India,Thermal Coal,Panamax,75000.0,1390.0,610.0,139.2,92.8,39.818000000000005,2.8,3.0,2.0,9.888980687429749,10.260626657256486,SYN0407,synthetic,empirical_constrained_simulation_v1
2057-11-01,Taboneo,East Coast India,Thermal Coal,Panamax,75000.0,1890.0,642.0,135.1,107.5,44.448,3.2,3.0,2.5,10.260626657256486,9.310076481173457,SYN0407,synthetic,empirical_constrained_simulation_v1
2057-12-01,Taboneo,East Coast India,Thermal Coal,Panamax,75000.0,1420.0,615.0,137.6,106.9,52.782,3.9,2.0,3.5,9.310076481173457,7.5510090178533265,SYN0407,synthetic,empirical_constrained_simulation_v1
2058-01-01,Taboneo,East Coast India,Thermal Coal,Panamax,75000.0,1350.0,605.0,145.8,99.9,50.004000000000005,3.7,2.0,3.0,7.5510090178533265,8.350240266969593,SYN0407,synthetic,empirical_constrained_simulation_v1
2058-02-01,Taboneo,East Coast India,Thermal Coal,Panamax,75000.0,1890.0,642.0,135.1,107.5,44.448,3.2,3.0,2.5,8.350240266969593,8.365622445215388,SYN0407,synthetic,empirical_constrained_simulation_v1
2058-03-01,Taboneo,East Coast India,Thermal Coal,Panamax,75000.0,2080.0,652.0,109.0,92.3,46.6704,3.4,3.0,3.0,8.365622445215388,8.654121054500033,SYN0407,synthetic,empirical_constrained_simulation_v1
2058-04-01,Taboneo,East Coast India,Thermal Coal,Panamax,75000.0,1890.0,642.0,135.1,107.5,44.448,3.2,3.0,2.5,8.654121054500033,9.176236423145452,SYN0407,synthetic,empirical_constrained_simulation_v1
2058-05-01,Taboneo,East Coast India,Thermal Coal,Panamax,75000.0,1910.0,650.0,129.8,102.2,25.002,1.5,2.0,1.0,9.176236423145452,11.470295528931816,SYN0407,synthetic,empirical_constrained_simulation_v1
2058-06-01,Taboneo,East Coast India,Thermal Coal,Panamax,75000.0,2150.0,658.0,104.4,97.0,36.6696,2.6,5.0,2.5,11.470295528931816,12.160594462768202,SYN0407,synthetic,empirical_constrained_simulation_v1
2058-07-01,Taboneo,East Coast India,Thermal Coal,Panamax,75000.0,1880.0,648.0,142.1,100.5,27.78,1.9,4.0,2.5,12.160594462768202,10.934184735528365,SYN0407,synthetic,empirical_constrained_simulation_v1
2058-08-01,Taboneo,East Coast India,Thermal Coal,Panamax,75000.0,1310.0,588.0,106.9,105.1,20.7424,1.1,2.0,0.5,10.934184735528365,11.428822484867068,SYN0407,synthetic,empirical_constrained_simulation_v1
2058-09-01,Taboneo,East Coast India,Thermal Coal,Panamax,75000.0,1980.0,640.0,98.6,97.2,24.4464,1.5,2.0,0.5,11.428822484867068,11.68054987075535,SYN0407,synthetic,empirical_constrained_simulation_v1
2058-10-01,Taboneo,East Coast India,Thermal Coal,Panamax,75000.0,1970.0,646.0,112.6,102.5,28.706000000000003,1.9,4.0,2.5,11.68054987075535,11.41551581582872,SYN0407,synthetic,empirical_constrained_simulation_v1
2058-11-01,Taboneo,East Coast India,Thermal Coal,Panamax,75000.0,1890.0,642.0,135.1,107.5,44.448,3.2,3.0,2.5,11.41551581582872,13.300423398717792,SYN0407,synthetic,empirical_constrained_simulation_v1
2058-12-01,Taboneo,East Coast India,Thermal Coal,Panamax,75000.0,1740.0,630.0,146.6,101.4,30.0024,2.1,5.0,3.5,13.300423398717792,9.975317549038344,SYN0407,synthetic,empirical_constrained_simulation_v1
2059-01-01,Taboneo,East Coast India,Thermal Coal,Panamax,75000.0,1350.0,605.0,145.8,99.9,50.004000000000005,3.7,2.0,3.0,9.975317549038344,12.46914693629793,SYN0407,synthetic,empirical_constrained_simulation_v1
2059-02-01,Taboneo,East Coast India,Thermal Coal,Panamax,75000.0,1980.0,640.0,98.6,97.2,24.4464,1.5,2.0,0.5,12.46914693629793,12.137146910629637,SYN0407,synthetic,empirical_constrained_simulation_v1
2030-02-01,Taboneo,East Coast India,Thermal Coal,Supramax,55000.0,2150.0,658.0,104.4,97.0,36.6696,2.6,5.0,2.5,14.1,14.269516367090223,SYN0501,synthetic,empirical_constrained_simulation_v1
2030-03-01,Taboneo,East Coast India,Thermal Coal,Supramax,55000.0,1910.0,650.0,129.8,102.2,25.002,1.5,2.0,1.0,14.269516367090223,14.839472522439207,SYN0501,synthetic,empirical_constrained_simulation_v1
2030-04-01,Taboneo,East Coast India,Thermal Coal,Supramax,55000.0,2080.0,652.0,109.0,92.3,46.6704,3.4,3.0,3.0,14.839472522439207,17.895270821030035,SYN0501,synthetic,empirical_constrained_simulation_v1
2030-05-01,Taboneo,East Coast India,Thermal Coal,Supramax,55000.0,1910.0,650.0,129.8,102.2,25.002,1.5,2.0,1.0,17.895270821030035,22.369088526287545,SYN0501,synthetic,empirical_constrained_simulation_v1
2030-06-01,Taboneo,East Coast India,Thermal Coal,Supramax,55000.0,1980.0,640.0,98.6,97.2,24.4464,1.5,2.0,0.5,22.369088526287545,21.109173234578158,SYN0501,synthetic,empirical_constrained_simulation_v1
2030-07-01,Taboneo,East Coast India,Thermal Coal,Supramax,55000.0,1970.0,646.0,112.6,102.5,28.706000000000003,1.9,4.0,2.5,21.109173234578158,19.301353273814783,SYN0501,synthetic,empirical_constrained_simulation_v1
2030-08-01,Taboneo,East Coast India,Thermal Coal,Supramax,55000.0,1380.0,595.0,118.6,99.6,22.224,1.3,2.0,0.5,19.301353273814783,19.061495249888658,SYN0501,synthetic,empirical_constrained_simulation_v1
2030-09-01,Taboneo,East Coast India,Thermal Coal,Supramax,55000.0,1880.0,648.0,142.1,100.5,27.78,1.9,4.0,2.5,19.061495249888658,20.714423988833815,SYN0501,synthetic,empirical_constrained_simulation_v1
2030-10-01,Taboneo,East Coast India,Thermal Coal,Supramax,55000.0,1350.0,605.0,145.8,99.9,50.004000000000005,3.7,2.0,3.0,20.714423988833815,19.678474963119328,SYN0501,synthetic,empirical_constrained_simulation_v1
2030-11-01,Taboneo,East Coast India,Thermal Coal,Supramax,55000.0,1360.0,592.0,104.0,100.1,20.001600000000003,1.1,1.0,0.0,19.678474963119328,18.293006073549606,SYN0501,synthetic,empirical_constrained_simulation_v1
2030-12-01,Taboneo,East Coast India,Thermal Coal,Supramax,55000.0,1390.0,610.0,139.2,92.8,39.818000000000005,2.8,3.0,2.0,18.293006073549606,19.752434839866815,SYN0501,synthetic,empirical_constrained_simulation_v1
2031-01-01,Taboneo,East Coast India,Thermal Coal,Supramax,55000.0,1910.0,650.0,129.8,102.2,25.002,1.5,2.0,1.0,19.752434839866815,21.29137099143272,SYN0501,synthetic,empirical_constrained_simulation_v1
2031-02-01,Taboneo,East Coast India,Thermal Coal,Supramax,55000.0,2150.0,658.0,104.4,97.0,36.6696,2.6,5.0,2.5,21.29137099143272,19.60575871699461,SYN0501,synthetic,empirical_constrained_simulation_v1
2031-03-01,Taboneo,East Coast India,Thermal Coal,Supramax,55000.0,1310.0,588.0,106.9,105.1,20.7424,1.1,2.0,0.5,19.60575871699461,20.76085196482526,SYN0501,synthetic,empirical_constrained_simulation_v1
2031-04-01,Taboneo,East Coast India,Thermal Coal,Supramax,55000.0,1850.0,635.0,107.5,103.5,31.484,2.2,5.0,4.0,20.76085196482526,21.13730576257048,SYN0501,synthetic,empirical_constrained_simulation_v1
2031-05-01,Taboneo,East Coast India,Thermal Coal,Supramax,55000.0,2080.0,652.0,109.0,92.3,46.6704,3.4,3.0,3.0,21.13730576257048,15.852979321927862,SYN0501,synthetic,empirical_constrained_simulation_v1
2031-06-01,Taboneo,East Coast India,Thermal Coal,Supramax,55000.0,1310.0,588.0,106.9,105.1,20.7424,1.1,2.0,0.5,15.852979321927862,16.673621451106044,SYN0501,synthetic,empirical_constrained_simulation_v1
2031-07-01,Taboneo,East Coast India,Thermal Coal,Supramax,55000.0,2080.0,652.0,109.0,92.3,46.6704,3.4,3.0,3.0,16.673621451106044,13.57181337417154,SYN0501,synthetic,empirical_constrained_simulation_v1
2031-08-01,Taboneo,East Coast India,Thermal Coal,Supramax,55000.0,1380.0,595.0,118.6,99.6,22.224,1.3,2.0,0.5,13.57181337417154,14.233217153616312,SYN0501,synthetic,empirical_constrained_simulation_v1
2080-02-01,Australia West Coast,East Coast India,Iron Ore,Capesize,170000.0,1360.0,592.0,104.0,100.1,25.557600000000004,1.5,1.0,0.0,8.8,9.42646539148179,SYNX5003,synthetic,empirical_constrained_simulation_v1
